0,1.ID,1.Foerderung,1.Frage,1.Hilfestellung
0,1553,Solarthermie-Kollektoren in Oldenburg,"Wurde in den letzten 3 Jahren vor Antragstellung eine durch die Stadt geförderte Beratung als Gebäude-, Energie-, Heizungs- oder Solarstrom-Check durchgeführt?",
1,1552,Solarthermie-Kollektoren in Oldenburg,Wurde in den letzten 10 Jahren eine durch das BAFA geförderte Beratung für das Gebäude durchgeführt?,
2,1597,Förderung der Flurbereinigung (FlurFördRichtlinien) - Bayern,Wurde ein Verfahren zur Regelung der eigentumsrechtlichen Verhältnisse nach dem Landwirtschaftsanpassungsgesetz (LwAnpG) oder eine Flurbereinigung nach dem Flurbereinigungsgesetz (FlurbG) durch die zuständige Behörde angeordnet?,
3,1598,Förderung der Flurbereinigung (FlurFördRichtlinien) - Bayern,Sind Sie als Verband der Teilnehmergemeinschaften oder als Teilnehmergemeinschaft organisiert?,
4,1599,Förderung der Flurbereinigung (FlurFördRichtlinien) - Bayern,"Haben Sie einen Haushaltsplan aufgestellt, der von der oberen Flurbereinigungsbehörde genehmigt wurde?",
5,1600,Förderung der Flurbereinigung (FlurFördRichtlinien) - Bayern,Wird die Maßnahme in einem Ort mit weniger als 10.000 Einwohner:innen durchgeführt?,
6,1601,Förderung der Flurbereinigung (FlurFördRichtlinien) - Bayern,"Sind Sie bereit, die Zweckbindungsfrist von 12 Jahren für Grundstücke, Bauten und bauliche Anlagen sowie 5 Jahren für Maschinen, technische Einrichtungen und Geräte einzuhalten?",
7,1602,Klimafreundliches Wohnen und Arbeiten - Technische Anlagen zur Nutzung der Solarenergie: Speichersysteme für Photovoltaik - Anlagen (bei Bestands- und Neubauten),Besteht für die Maßnahme eine Zeitwertersatzgarantie für einen Zeitraum von 10 Jahren?,
8,1603,Klimafreundliches Wohnen und Arbeiten - Technische Anlagen zur Nutzung der Solarenergie: Speichersysteme für Photovoltaik - Anlagen (bei Bestands- und Neubauten),"Erfolgt die Förderung für eine Speicherkapazität, die in kWh maximal 1,5 Mal so groß ist wie die Nennleistung der neuen Photovoltaikanlage in kWp?",
9,1604,Klimafreundliches Wohnen und Arbeiten - Technische Anlagen zur Nutzung der Solarenergie: Speichersysteme für Photovoltaik - Anlagen (bei Bestands- und Neubauten),Wird ein Energiezähler zur Erfassung relevanter Messgrößen installiert?,
10,1605,Klimafreundliches Wohnen und Arbeiten - Technische Anlagen zur Nutzung der Solarenergie: Speichersysteme für Photovoltaik - Anlagen (bei Bestands- und Neubauten),"Handelt es sich entweder
a) nicht um ein eingetragenes Baudenkmal bzw. um ein Gebäude im Geltungsbereich einer Denkmalbereichssatzung, oder
b) doch, und es liegt eine Genehmigung der Unteren Denkmalbehörde für die geplanten Maßnahmen vor?",
11,1606,Klimafreundliches Wohnen und Arbeiten - Technische Anlagen zur Nutzung der Solarenergie: Speichersysteme für Photovoltaik - Anlagen (bei Bestands- und Neubauten),Werden alle Arbeiten ausschließlich durch Fachunternehmen durchgeführt?,
12,1607,Klimafreundliches Wohnen und Arbeiten - Technische Anlagen zur Nutzung der Solarenergie: Speichersysteme für Photovoltaik - Anlagen (bei Bestands- und Neubauten),Falls Fachhandwerker:innen in ihrem eigenen Eigentum die Maßnahme privat durchführen: Werden ausschließlich Materialkosten geltend gemacht?,
13,1609,KWKG 2023 - Wärme- und Kältespeicher,Ist die KWK-Anlage durch das Bundesamt für Wirtschaft und Ausfuhrkontrolle (BAFA) zugelassen?,
14,1610,KWKG 2023 - Wärme- und Kältespeicher,Erfüllt die KWK-Anlage die Voraussetzungen nach § 6 Absatz 1 und 2 des KWKG bezüglich technischer und wirtschaftlicher Kriterien?,
15,1618,Geringinvestive Maßnahmen,"Sind Sie bereit, Ihre Mieterinnen und Mieter unaufgefordert darüber zu informieren, dass keine Umlage der Kosten auf sie erfolgt?",
16,1617,Geringinvestive Maßnahmen,"Sind Sie damit einverstanden, dass die durch die Förderung finanzierten Maßnahmen nicht auf Mieterinnen und Mieter umgelegt werden dürfen?",
17,1623,Förderprogramm Begrünung,Wurde für die geplante Maßnahme bereits eine Förderung beantragt oder bewilligt?,
18,1624,Förderprogramm Begrünung,Ist die Gesamtfinanzierung der Anlage bei Antragstellung sichergestellt?,
19,1625,Förderprogramm Begrünung,Wurde mit der Ausführung der geförderten Maßnahmen bereits begonnen (z. B. durch Abschluss eines Leistungs- oder Liefervertrages)?,
20,1626,Förderprogramm Begrünung,Liegt für die Maßnahme eine erforderliche Baugenehmigung oder andere rechtlich vorgeschriebene Genehmigungen vor?,
21,1635,Privates Laden,Werden durch die vorgelagerte Ladeinfrastruktur mindestens zwei Ladepunkte in der Gesamtanlage versorgt?,
22,1636,Privates Laden,Wird innerhalb des Förderzeitraums (max. 24 Monate) mindestens ein Ladepunkt installiert?,
23,1637,Privates Laden,Überwiegt die gewerbliche Nutzung der Ladeinfrastruktur nicht?,
24,1638,Privates Laden,Ist ein Hausanschluss für die Ladeinfrastruktur auf privater Fläche nicht möglich?,
25,1639,Privates Laden,Befindet sich die angestrebte Ladeinfrastruktur auf einer angrenzenden städtischen Fläche?,
26,1640,Privates Laden,Wurde die Nutzung der öffentlichen Fläche durch das zuständige Fachamt geprüft?,
27,1641,Privates Laden,Wurde ein Nachweis über die Durchführung eines Pre-Checks Elektromobilität durch einen zertifizierten Dienstleister eingereicht?,
28,1648,Wärmepumpen (WP) in Oldenburg,Erreicht die Jahresarbeitszahl (JAZ) der elektrisch betriebenen Wärmepumpe mindestens die geforderten Werte?,
29,1649,Förderprogramm Klimaschutzmaßnahmen im Altbau in Oldenburg,Ist das zu fördernde Gebäude älter als 10 Jahre?,
30,1650,Förderprogramm Klimaschutzmaßnahmen im Altbau in Oldenburg,"Wurde mit dem Vorhaben entweder noch nicht begonnen – oder, falls doch, liegt eine textliche Zustimmung der Stadt zum vorzeitigen Maßnahmenbeginn vor?",
31,1651,Förderprogramm Klimaschutzmaßnahmen im Altbau in Oldenburg,Wird das Datum des Durchführungsbeginns durch eine Fachunternehmererklärung nachgewiesen?,
32,1653,Förderprogramm Klimaschutzmaßnahmen im Altbau in Oldenburg,"Werden die Sanierungsmaßnahmen entweder vollständig durch Fachbetriebe durchgeführt – oder, falls in Eigenleistung, durch einen Energieeffizienz-Experten bzw. eine Energieeffizienz-Expertin fachlich begleitet und schriftlich bestätigt?",
33,1654,Förderprogramm Klimaschutzmaßnahmen im Altbau in Oldenburg,Werden alle Angebote und Zahlungen in der Währung Euro vorgelegt und abgewickelt?,
34,1657,Förderprogramm Klimaschutzmaßnahmen im Altbau in Oldenburg,Handelt es sich bei der Maßnahme um eine gesetzlich verpflichtende Maßnahme?,
35,1658,Bundesförderung für effiziente Gebäude (BEG) – Einzelmaßnahme - Anlagen zur Wärmeerzeugung: Gebäudenetzanschluss - Wohngebäude (458),"Handelt es sich bei dem Gebäude um ein Bestandsgebäude, das mindestens 5 Jahre alt ist?",
36,1659,Bundesförderung für effiziente Gebäude (BEG) – Einzelmaßnahme - Anlagen zur Wärmeerzeugung: Gebäudenetzanschluss - Wohngebäude (458),Führt die Maßnahme zu einer Erhöhung der Energieeffizienz des Gebäudes und/oder zu einem höheren Anteil erneuerbarer Energien am Endenergieverbrauch?,
37,1660,Bundesförderung für effiziente Gebäude (BEG) – Einzelmaßnahme - Anlagen zur Wärmeerzeugung: Gebäudenetzanschluss - Wohngebäude (458),"Erfolgt der Einbau der neuen Anlage in Verbindung mit einer Optimierung des gesamten Heizungsverteilsystems, einschließlich der Durchführung des hydraulischen Abgleichs bzw. der Anpassung der Luftvolumenströme?",
38,1667,Klimafreundliches Wohnen und Arbeiten - Bestandsgebäude: Einzelmaßnahmen an der Gebäudehülle: Dämmung,Wird die Maßnahme von einem gelisteten Energieberater für Baudenkmäler begleitet?,
39,1668,Klimafreundliches Wohnen und Arbeiten - Bestandsgebäude: Einzelmaßnahmen an der Gebäudehülle: Dämmung,Werden alle Arbeiten ausschließlich von Fachunternehmen durchgeführt?,
40,1671,Klimafreundliches Wohnen und Arbeiten - Bestandsgebäude: Einzelmaßnahmen an der Gebäudehülle: Dämmung,Beträgt das förderfähige Mindestinvestitionsvolumen für die Maßnahme mindestens 2.000 € brutto?,
41,1605,Klimafreundliches Wohnen und Arbeiten - Bestandsgebäude: Einzelmaßnahmen an der Gebäudehülle: Dämmung,"Handelt es sich entweder
a) nicht um ein eingetragenes Baudenkmal bzw. um ein Gebäude im Geltungsbereich einer Denkmalbereichssatzung, oder
b) doch, und es liegt eine Genehmigung der Unteren Denkmalbehörde für die geplanten Maßnahmen vor?",
42,1673,Bundesförderung für effiziente Gebäude (BEG) – Einzelmaßnahme - Gebäudehülle - Wohngebäude,Ist das Gebäude mindestens 5 Jahre alt?,
43,1674,Bundesförderung für effiziente Gebäude (BEG) – Einzelmaßnahme - Gebäudehülle - Wohngebäude,Wird für die Antragstellung ein Energieeffizienz-Experte eingebunden?,
44,1676,Bundesförderung für effiziente Gebäude (BEG) – Einzelmaßnahme - Gebäudehülle - Wohngebäude,Sind Sie nicht Eigentümer:in des Gebäudes?,
45,1678,Bundesförderung für effiziente Gebäude (BEG) – Einzelmaßnahme - Gebäudehülle - Wohngebäude,Trägt die geförderte Maßnahme zur Verbesserung des energetischen Niveaus des Gebäudes bei?,
46,1699,Klimafreundliches Wohnen und Arbeiten - Bestandsgebäude: Energieeffiziente Wohngebäude,Falls ein Passivhaus-Standard angestrebt wird: Wird das Bauvorhaben durch ein vom Passivhaus-Institut zugelassenes Büro auf Basis des Passivhaus-Projektierungspakets (PHPP) geplant und bestätigt?,
47,1673,Bundesförderung für effiziente Gebäude (BEG) – Einzelmaßnahme - Anlagen zur Wärmeerzeugung: Biomasseheizungen - Wohngebäude (458),Ist das Gebäude mindestens 5 Jahre alt?,
48,1678,Bundesförderung für effiziente Gebäude (BEG) – Einzelmaßnahme - Anlagen zur Wärmeerzeugung: Biomasseheizungen - Wohngebäude (458),Trägt die geförderte Maßnahme zur Verbesserung des energetischen Niveaus des Gebäudes bei?,
49,1674,Bundesförderung für effiziente Gebäude (BEG) – Einzelmaßnahme - Anlagen zur Wärmeerzeugung: Biomasseheizungen - Wohngebäude (458),Wird für die Antragstellung ein Energieeffizienz-Experte eingebunden?,
50,1673,Bundesförderung für effiziente Gebäude (BEG) – Einzelmaßnahme - Anlagen zur Wärmeerzeugung: Solarthermische Anlagen - Wohngebäude (458),Ist das Gebäude mindestens 5 Jahre alt?,
51,1678,Bundesförderung für effiziente Gebäude (BEG) – Einzelmaßnahme - Anlagen zur Wärmeerzeugung: Solarthermische Anlagen - Wohngebäude (458),Trägt die geförderte Maßnahme zur Verbesserung des energetischen Niveaus des Gebäudes bei?,
52,1674,Bundesförderung für effiziente Gebäude (BEG) – Einzelmaßnahme - Anlagen zur Wärmeerzeugung: Solarthermische Anlagen - Wohngebäude (458),Wird für die Antragstellung ein Energieeffizienz-Experte eingebunden?,
53,1671,Klimafreundliches Wohnen und Arbeiten - Bestandsgebäude: Lüftungsanlagen mit Wärmerückgewinnung,Beträgt das förderfähige Mindestinvestitionsvolumen für die Maßnahme mindestens 2.000 € brutto?,
54,1667,Klimafreundliches Wohnen und Arbeiten - Bestandsgebäude: Lüftungsanlagen mit Wärmerückgewinnung,Wird die Maßnahme von einem gelisteten Energieberater für Baudenkmäler begleitet?,
55,1605,Klimafreundliches Wohnen und Arbeiten - Bestandsgebäude: Lüftungsanlagen mit Wärmerückgewinnung,"Handelt es sich entweder
a) nicht um ein eingetragenes Baudenkmal bzw. um ein Gebäude im Geltungsbereich einer Denkmalbereichssatzung, oder
b) doch, und es liegt eine Genehmigung der Unteren Denkmalbehörde für die geplanten Maßnahmen vor?",
56,1668,Klimafreundliches Wohnen und Arbeiten - Bestandsgebäude: Lüftungsanlagen mit Wärmerückgewinnung,Werden alle Arbeiten ausschließlich von Fachunternehmen durchgeführt?,
57,1734,Sanieren und Bauenin der Landeshauptstadt Potsdam,Wurde vor der Antragstellung oder Umsetzung der Maßnahme eine Energieberatung durchgeführt?,
58,1743,Förderprogramm Fassadenbegrünung,"Wurde die Planung des Fassadenbegrünungsvorhabens durch einen Fachbetrieb, eine Architektin oder einen Architekten beziehungsweise eine Landschaftsarchitektin oder einen Landschaftsarchitekten durchgeführt?",
59,1745,Förderprogramm Fassadenbegrünung,"Wird eine der folgenden förderfähigen Begrünungssystematiken verwendet: bodengebundene Begrünung, wandgebundene Begrünung oder Mischform?",
60,1746,Förderprogramm Fassadenbegrünung,Wird die Durchführung der Fassadenbegrünungsmaßnahme ausschließlich durch Fachbetriebe (z. B. Garten- und Landschaftsbaubetriebe) vorgenommen?,
61,1747,Energetische Förderung im Rahmen des Hessischen Energiegesetzes: Maßnahmen zur Steigerung der Energieeffizienz und zur Nutzung erneuerbarer Energien (§ 5 HEG),Betragen die zuwendungsfähigen Ausgaben mindestens 12.500 Euro?,
62,1751,Förderung der Solarstromerzeugung und Mieterstrom,Handelt es sich bei der geplanten PV-Anlage um eine neue Anlage und nicht um eine gebrauchte oder aus überwiegend gebrauchten Teilen bestehende Anlage?,
63,1752,Förderung der Solarstromerzeugung und Mieterstrom,Handelt es sich bei der geplanten PV-Anlage nicht um einen Prototyp?,
64,1753,Förderung der Solarstromerzeugung und Mieterstrom,Handelt es sich nicht um eine mobile PV-Anlage?,
65,1754,Förderung der Solarstromerzeugung und Mieterstrom,Wurde die PV-Anlage nicht als Eigenbau erstellt?,
66,1755,Förderung der Solarstromerzeugung und Mieterstrom,Handelt es sich bei der geplanten PV-Anlage nicht um eine Anlage aus einem Leasingsystem?,
67,1756,Förderung der Solarstromerzeugung und Mieterstrom,Ist die Installation der PV-Anlage nicht aufgrund gesetzlicher Bestimmungen vorgeschrieben?,
68,1765,Klimaschutz für Bürgerinnen und Bürger – Förderung von Batteriespeichern,Handelt es sich bei dem Batteriespeicher um einen neuen Gegenstand?,
69,1766,Klimaschutz für Bürgerinnen und Bürger – Förderung von Batteriespeichern,"Handelt es sich nicht um eine Reparatur, einen Eigenbau, einen Prototyp oder eine Ersatzbeschaffung?",
70,1767,Klimaschutz für Bürgerinnen und Bürger – Förderung von Batteriespeichern,Handelt es sich nicht um Zubehörteile oder Umbausätze?,
71,1757,Klimaschutz für Bürgerinnen und Bürger – Förderung von Batteriespeichern,"Hat der zu fördernde Batteriespeicher eine nutzbare Kapazität von mindestens 2 kWh, die durch das Herstellerdatenblatt nachgewiesen werden kann?",
72,1759,Klimaschutz für Bürgerinnen und Bürger – Förderung von Batteriespeichern,"Ist der Batteriespeicher mit einer Stromerzeugungsanlage auf Basis erneuerbarer Energien gekoppelt, die eine Leistung von mindestens 3 kW/kWp und maximal 30 kW/kWp hat und nach dem 1.1.2022 in Betrieb genommen wurde?",
73,1762,Klimaschutz für Bürgerinnen und Bürger – Förderung von Batteriespeichern,"Sind Sie bereit, den Batteriespeicher mindestens 5 Jahre in Ihrem Eigentum zu behalten und in diesem Zeitraum zweckentsprechend zu betreiben beziehungsweise zu nutzen?",
74,1760,Klimaschutz für Bürgerinnen und Bürger – Förderung von Batteriespeichern,Wird die Installation oder Inbetriebnahme des Batteriespeichers nachweislich durch ein Fachunternehmen durchgeführt?,
75,1761,Klimaschutz für Bürgerinnen und Bürger – Förderung von Batteriespeichern,Wurde für diesen Batteriespeicher noch keine Förderung in Schleswig-Holstein beantragt?,
76,1771,progres.nrw - Klimaschutztechnik: Wärmeübergabestationen,Übersteigt die beantragte Fördersumme die Bagatellgrenze von 350 Euro?,
77,1775,Bayerische Förderrichtlinie Holz (BayFHolz),Falls eine Erweiterung oder Aufstockung geplant ist: Führt diese zu einer zusätzlichen Gesamt-Bruttogrundfläche von mindestens 100 Quadratmetern?,
78,1774,Bayerische Förderrichtlinie Holz (BayFHolz),Falls Ja: Verfügt der Neubau über eine Gesamt-Bruttogrundfläche (BGF) von mindestens 300 Quadratmetern?,
79,1773,Bayerische Förderrichtlinie Holz (BayFHolz),Handelt es sich um ein Gebäude für Zwecke einer kommunalen Gebietskörperschaft?,
80,1789,Bayerische Förderrichtlinie Holz (BayFHolz),"Sind Fenster, Türen, Terrassenbeläge oder andere nicht förderfähige Innenausbauelemente Teil der Förderung?",
81,1788,Bayerische Förderrichtlinie Holz (BayFHolz),Werden ausschließlich förderfähige Baustoffe gemäß der aktuellen CO2-Tool-Liste verwendet?,
82,1785,Bayerische Förderrichtlinie Holz (BayFHolz),Werden ausschließlich Holzwerkstoffe der Emissionsklassen mit dem Nachweis E1 oder F0 verwendet?,
83,1780,Bayerische Förderrichtlinie Holz (BayFHolz),Beträgt die Wohnfläche jeder Wohneinheit mindestens 35 Quadratmeter und ist sie für das dauerhafte Wohnen geeignet?,
84,1781,Bayerische Förderrichtlinie Holz (BayFHolz),Erfüllt das Vorhaben die vorgeschriebenen konstruktiven Anforderungen an die Holzbauweise?,
85,1779,Bayerische Förderrichtlinie Holz (BayFHolz),Falls eine Aufstockung geplant ist: Umfasst diese mindestens 2 Wohneinheiten und eine zusätzliche Gesamt-Bruttogrundfläche von mindestens 100 Quadratmetern?,
86,1778,Bayerische Förderrichtlinie Holz (BayFHolz),Falls eine Erweiterung geplant ist: Führt diese zu mindestens 3 Wohneinheiten und einer zusätzlichen Gesamt-Bruttogrundfläche von mindestens 300 Quadratmetern?,
87,1777,Bayerische Förderrichtlinie Holz (BayFHolz),"Falls Ja: Entspricht der Neubau den Gebäudeklassen 3, 4 oder 5 gemäß der Bayerischen Bauordnung (BayBO) und verfügt über mindestens 3 Wohneinheiten sowie eine Gesamt-Bruttogrundfläche (BGF) von mindestens 300 Quadratmetern?",
88,1776,Bayerische Förderrichtlinie Holz (BayFHolz),Handelt es sich um ein mehrgeschossiges Wohngebäude in Holzbauweise?,
89,1784,Bayerische Förderrichtlinie Holz (BayFHolz),Werden nachweislich Rohstoffe aus nachhaltiger Produktion oder Bewirtschaftung eingesetzt?,
90,1782,Bayerische Förderrichtlinie Holz (BayFHolz),Wurde die verbaute Menge der Kohlenstoff speichernden Baustoffe und die damit verbundene Speichermenge über das Berechnungstool „CO2-Tool“ nachgewiesen?,
91,1786,Bayerische Förderrichtlinie Holz (BayFHolz),Wird die Gebäudehülle (Außenwand) in Holzbauweise umgesetzt und mindestens zwei der folgenden Bauteile ebenfalls in Holzbauweise erstellt?,
92,1787,Bayerische Förderrichtlinie Holz (BayFHolz),Wird die Zweckbindungsfrist von 12 Jahren ab Eingang des (Schluss-)Verwendungsnachweises eingehalten?,
93,1792,Förderung von Energieeffizienzmaßnahmen im Bestand,"Ist Ihnen bewusst, dass die Bewilligung der Förderung als freiwillige Leistung der Stadt Braunschweig erfolgt und kein Rechtsanspruch darauf besteht?",
94,1793,Förderung von Energieeffizienzmaßnahmen im Bestand,Wurde das Installationsvorhaben im Jahr der Antragsstellung begonnen?,
95,1797,Förderung von Energieeffizienzmaßnahmen im Bestand,"Dezember abgeschlossen werden kann: Ist Ihnen bewusst, dass die Förderung im darauffolgenden Jahr ausgezahlt werden kann, sofern Haushaltsmittel bereitstehen?",
96,1801,Bundesförderung für effiziente Gebäude (BEG) – Einzelmaßnahme - Anlagen zur Wärmeerzeugung: Wasserstofffähige Heizung (Investitionsmehrausgaben) - Wohngebäude (458),"Erfolgt der Einbau in Verbindung mit einer Optimierung des gesamten Heizungsverteilsystems, einschließlich der Durchführung des hydraulischen Abgleichs bzw. der Anpassung der Luftvolumenströme?",
97,1802,Bundesförderung für effiziente Gebäude (BEG) – Einzelmaßnahme - Anlagen zur Wärmeerzeugung: Wasserstofffähige Heizung (Investitionsmehrausgaben) - Wohngebäude (458),Wird für die Antragstellung einer Anlage zur Wärmeerzeugung ein Energieeffizienz-Experte eingebunden?,
98,1659,Bundesförderung für effiziente Gebäude (BEG) – Einzelmaßnahme - Anlagen zur Wärmeerzeugung: Wasserstofffähige Heizung (Investitionsmehrausgaben) - Wohngebäude (458),Führt die Maßnahme zu einer Erhöhung der Energieeffizienz des Gebäudes und/oder zu einem höheren Anteil erneuerbarer Energien am Endenergieverbrauch?,
99,1658,Bundesförderung für effiziente Gebäude (BEG) – Einzelmaßnahme - Anlagen zur Wärmeerzeugung: Wasserstofffähige Heizung (Investitionsmehrausgaben) - Wohngebäude (458),"Handelt es sich bei dem Gebäude um ein Bestandsgebäude, das mindestens 5 Jahre alt ist?",
100,1812,Förderprogramm der Stadt Altötting Verbesserung Stadtklima,Wurde mit der Maßnahme bereits vor Bewilligung durch die Stadt Altötting begonnen?,
101,1815,Förderprogramm der Stadt Altötting Verbesserung Stadtklima,"Handelt es sich um eine Fläche, für die keine Umgestaltung mehr notwendig ist?",
102,1816,Förderprogramm der Stadt Altötting Verbesserung Stadtklima,Handelt es sich um eine selbst erbrachte Leistung oder Arbeit?,
103,1817,Förderprogramm der Stadt Altötting Verbesserung Stadtklima,Handelt es sich um eine Ersatzpflanzung?,
104,1818, Förderung regenerativer Wärme im Bestand,"Sind Sie sich bewusst, dass die Bewilligung der Förderung als freiwillige Leistung der Stadt Braunschweig erfolgt und kein Rechtsanspruch darauf besteht?",
105,1823, Förderung regenerativer Wärme im Bestand,"Falls die Maßnahme aufgrund nachweisbarer Lieferschwierigkeiten oder Installationsprobleme nicht bis zum 31. Dezember abgeschlossen werden kann: Sind Sie sich bewusst, dass die Förderung im darauffolgenden Jahr ausgezahlt werden kann, sofern Haushaltsmittel bereitstehen?",
106,1793, Förderung regenerativer Wärme im Bestand,Wurde das Installationsvorhaben im Jahr der Antragsstellung begonnen?,
107,1826,Förderung zur Begrünung von Dächern und Fassaden sowie Flächenentsiegelung,Beträgt die zusammenhängende Fläche der Begrünungsmaßnahme mindestens 10 m²?,
108,1828,Förderung zur Begrünung von Dächern und Fassaden sowie Flächenentsiegelung,Wurde mit der Begrünungsmaßnahme bereits begonnen?,
109,1830,Förderung zur Begrünung von Dächern und Fassaden sowie Flächenentsiegelung,Wird die Begrünungsmaßnahme ausschließlich durch ein qualifiziertes Fachunternehmen ausgeführt?,
110,1831,Förderung zur Begrünung von Dächern und Fassaden sowie Flächenentsiegelung,Erfolgt der Maßnahmenbeginn erst nach der Bewilligung durch die Stadt Dortmund?,
111,1848,Wärmeschutz im Gebäudebestand,"Falls eine Innendämmung an einer Außenwand auf der Flurstücksgrenze geplant ist: Liegt ein begründeter Einzelfall vor, der von der IFB Hamburg genehmigt wurde?",
112,1846,Wärmeschutz im Gebäudebestand,"Handelt es sich bei der geplanten Innendämmung um ein Gebäude, das in der Hamburger Denkmalliste verzeichnet ist oder sich in einem Gebiet gemäß § 172 BauGB befindet?",
113,1840,Wärmeschutz im Gebäudebestand,Ist das Wohngebäude mindestens 20 Jahre alt (gemäß Baugenehmigung)?,
114,1852,Wärmeschutz im Gebäudebestand,"Liegt ein Hamburger Energiepass oder ein individueller Sanierungsfahrplan (iSFP) vor, der nicht älter als 5 Jahre ist und von einer autorisierten Energieexpertin bzw. einem Experten der IFB Hamburg erstellt wurde?",
115,1847,Wärmeschutz im Gebäudebestand,"Liegt ein Nachweis durch die zuständige Behörde (Denkmalschutzamt, Stadtplanungsabteilung) oder durch die Qualitätssicherung Backstein vor, dass die Fassade nicht überdämmt werden darf?",
116,1854,Wärmeschutz im Gebäudebestand,Wurde ein hydraulischer Abgleich der Heizungsanlage nach VdZ-Verfahren B durchgeführt?,
117,1849,Wärmeschutz im Gebäudebestand,"Wurde eine bauphysikalische Unbedenklichkeitserklärung zur Vermeidung von Tauwasserbildung für die Innendämmung oder Flachdachdämmung durch einen Energieberater, Sachverständigen oder ein Fachunternehmen erstellt?",
118,1853,Wärmeschutz im Gebäudebestand,Wurde eine einschlägige baubegleitende Sachverständige bzw. ein Sachverständiger beauftragt?,
119,1668,Wärmeschutz im Gebäudebestand,Werden alle Arbeiten ausschließlich von Fachunternehmen durchgeführt?,
120,1858,Förderung der energetischen und stofflichen Nutzung nachwachsender Rohstoffe: Nahwärmenetz,Beträgt die Gesamtlänge des Netzes mindestens 50 Meter?,
121,1862,Energieeffizientes Wohnen,Liegt ein gültiger Kostenvoranschlag für die beantragte Maßnahme vor?,
122,1863,Energieeffizientes Wohnen,Wurde ein technisches Datenblatt oder eine technische Beschreibung der Anlage vorgelegt?,
123,1864,Energieeffizientes Wohnen,Wurde mit der Maßnahme bereits begonnen?,
124,1865,Energieeffizientes Wohnen,Wird die beantragte Maßnahme innerhalb eines Jahres durchgeführt und abgeschlossen?,
125,1890,Erneuerbare Wärme - Fördermodul Wärmeverteilnetze,"Wurde mit der Antragstellung ein energetisches Konzept einschließlich einer Wirtschaftlichkeitsberechnung eingereicht, aus der sich der Förderbedarf ergibt?",
126,1891,Erneuerbare Wärme - Fördermodul Wärmeverteilnetze,Falls es sich um die Wärmeversorgung eines neuen Gebäudes handelt: Wird auch der Wärmebedarf für das Trinkwarmwasser aus dem Wärmeverteilnetz gedeckt?,
127,1892,Erneuerbare Wärme - Fördermodul Wärmeverteilnetze,Handelt es sich um die Erweiterung oder Modernisierung eines bestehenden Wärmeverteilnetzes?,
128,1893,Erneuerbare Wärme - Fördermodul Wärmeverteilnetze,"Falls es sich um die Nutzung unvermeidbarer Abwärme handelt: Können Sie gegenüber der zuständigen Fachbehörde plausibel nachweisen, dass die genutzte Abwärme nicht ursächlich für die Bereitstellung dieser Wärme ist?",
129,1894,Erneuerbare Wärme - Fördermodul Wärmeverteilnetze,"Können Sie belegen, dass durch die Nutzung der Abwärme keine Effizienzmaßnahmen verhindert werden?",
130,1906,Bundesförderung für effiziente Gebäude (BEG) – Einzelmaßnahme - Heizungsoptimierung zur Emissionsminderung - Wohngebäude,Wurde bei wassergeführten Heizungssystemen ein hydraulischer Abgleich nach Verfahren B gemäß Formular der VdZ-Wirtschaftsvereinigung Gebäude und Energie e. V. durchgeführt?,
131,1907,Bundesförderung für effiziente Gebäude (BEG) – Einzelmaßnahme - Heizungsoptimierung zur Emissionsminderung - Wohngebäude,"Falls ein luftheizendes System verwendet wird: Ist in der Fachunternehmererklärung bestätigt, dass die Luftvolumenströme gemäß den rechnerisch ermittelten Einstellwerten einreguliert wurden?",
132,1908,Bundesförderung für effiziente Gebäude (BEG) – Einzelmaßnahme - Heizungsoptimierung zur Emissionsminderung - Wohngebäude,Wurde für die Antragstellung ein Energieeffizienz-Experte eingebunden?,
133,1658,Bundesförderung für effiziente Gebäude (BEG) – Einzelmaßnahme - Heizungsoptimierung zur Emissionsminderung - Wohngebäude,"Handelt es sich bei dem Gebäude um ein Bestandsgebäude, das mindestens 5 Jahre alt ist?",
134,1924,Förderprogramm Klimaneutrale Gebäude (FKG) - Einzelmaßnahmen: Dämmung der Gebäudehülle,"Sind die Maßnahmen Bestandteil einer im FKG beantragbaren energetischen Sanierungsberatung, bei der nach Durchführung aller Maßnahmen mindestens der Energiestandard EH55 erreicht wird?",
135,1925,Förderprogramm Klimaneutrale Gebäude (FKG) - Einzelmaßnahmen: Dämmung der Gebäudehülle,Falls das Gebäude denkmalgeschützt ist: Werden die Anforderungen der BEG EM eingehalten?,
136,1928,Förderprogramm Klimaneutrale Gebäude (FKG) - Einzelmaßnahmen: Dämmung der Gebäudehülle,"Werden die Maßnahmen für das gesamte Gebäude umgesetzt, nicht nur für einzelne Wohnungen?",
137,1930,Förderprogramm Klimaneutrale Gebäude (FKG) - Einzelmaßnahmen: Dämmung der Gebäudehülle,Werden bei der Durchführung von Einzelmaßnahmen in mehreren Schritten jeweils alle Flächen des Bauteils gedämmt?,
138,1937,Förderung für Ladeinfrastruktur für Elektrofahrzeuge,Wird die Ladeinfrastruktur durch 100 Prozent regenerative Energien versorgt?,
139,1938,Förderung für Ladeinfrastruktur für Elektrofahrzeuge,Wird pro gefördertem Ladepunkt die maximale Anzahl von zehn Vorrüstungen nicht überschritten?,
140,1939,Förderung für Ladeinfrastruktur für Elektrofahrzeuge,Wird pro Antragsteller:in die maximale Anzahl von 50 Ladepunkten bzw. 50 Vorrüstungen pro Kalenderjahr nicht überschritten?,
141,1946,progres.nrw - Klimaschutztechnik: Lüftungsanlagen mit Wärmerückgewinnung,Beträgt der Wirkungsgrad zentraler Lüftungsanlagen mindestens 80 Prozent?,
142,1771,progres.nrw - Klimaschutztechnik: Lüftungsanlagen mit Wärmerückgewinnung,Übersteigt die beantragte Fördersumme die Bagatellgrenze von 350 Euro?,
143,1605,Klimafreundliches Wohnen und Arbeiten - Technische Anlagen zur Nutzung der Solarenergie: Thermische Solaranlagen (bei Bestandsbauten),"Handelt es sich entweder
a) nicht um ein eingetragenes Baudenkmal bzw. um ein Gebäude im Geltungsbereich einer Denkmalbereichssatzung, oder
b) doch, und es liegt eine Genehmigung der Unteren Denkmalbehörde für die geplanten Maßnahmen vor?",
144,1668,Klimafreundliches Wohnen und Arbeiten - Technische Anlagen zur Nutzung der Solarenergie: Thermische Solaranlagen (bei Bestandsbauten),Werden alle Arbeiten ausschließlich von Fachunternehmen durchgeführt?,
145,1948,Klimafreundliches Wohnen und Arbeiten - Technische Anlagen zur Nutzung der Solarenergie: Thermische Solaranlagen (bei Bestandsbauten),Besitzen die Kollektoren eine gültige Zertifizierung mit dem Prüfzeichen „Solar Keymark“?,
146,1949,Klimafreundliches Wohnen und Arbeiten - Technische Anlagen zur Nutzung der Solarenergie: Thermische Solaranlagen (bei Bestandsbauten),"Erbringt ein unabhängiges Prüfinstitut den Nachweis, dass der Mindestenergieertrag pro Kollektor 525 Kilowattstunden pro Quadratmeter und Jahr beträgt?",
147,1950,Klimafreundliches Wohnen und Arbeiten - Technische Anlagen zur Nutzung der Solarenergie: Thermische Solaranlagen (bei Bestandsbauten),"Ist die Anlage mit einem Wärmemengenzähler, einem Funktionskontrollgerät oder entsprechenden in das Regelgerät integrierten Funktionen ausgestattet?",
148,1951,Klimafreundliches Wohnen und Arbeiten - Technische Anlagen zur Nutzung der Solarenergie: Thermische Solaranlagen (bei Bestandsbauten),Wird der hydraulische Abgleich durchgeführt?,
149,1962,progres.nrw - Klimaschutztechnik: Steuereinrichtungen für den Betrieb von Wärmepumpen in Verbindung mit einer PV-Anlage,Hat die Photovoltaikanlage eine Nennleistung von mindestens vier Kilowatt-Peak?,
150,1961,progres.nrw - Klimaschutztechnik: Steuereinrichtungen für den Betrieb von Wärmepumpen in Verbindung mit einer PV-Anlage,"Ist das andere Gerät bereits vorhanden und wird seit mindestens zwei Jahren am Standort betrieben, ohne mit den entsprechenden Schnittstellen ausgestattet zu sein?",
151,1963,progres.nrw - Klimaschutztechnik: Steuereinrichtungen für den Betrieb von Wärmepumpen in Verbindung mit einer PV-Anlage,"Nutzen die Wärmepumpenanlage Erdwärme, Wasser oder Abwärme als Wärmequelle?",
152,1965,progres.nrw - Klimaschutztechnik: Steuereinrichtungen für den Betrieb von Wärmepumpen in Verbindung mit einer PV-Anlage,Wird die fachgerechte und sichere Inbetriebnahme durch eine Fachunternehmererklärung nachgewiesen?,
153,1960,progres.nrw - Klimaschutztechnik: Steuereinrichtungen für den Betrieb von Wärmepumpen in Verbindung mit einer PV-Anlage,Wird entweder eine neue Wärmepumpe oder eine neue Photovoltaikanlage installiert?,
154,1964,progres.nrw - Klimaschutztechnik: Steuereinrichtungen für den Betrieb von Wärmepumpen in Verbindung mit einer PV-Anlage,"Erfüllt die Jahresarbeitszahl der neu angeschlossenen Wärmepumpenanlage die Mindestanforderungen des Bundesamts für Wirtschaft und Ausfuhrkontrolle (JAZ ≥ 3,0)?",
155,1771,progres.nrw - Klimaschutztechnik: Steuereinrichtungen für den Betrieb von Wärmepumpen in Verbindung mit einer PV-Anlage,Übersteigt die beantragte Fördersumme die Bagatellgrenze von 350 Euro?,
156,1971,Erneuerbare Energien in der Landeshauptstadt Potsdam,"Handelt es sich um ein Neugerät, das gefördert und in Betrieb genommen wird?",
157,1972,Erneuerbare Energien in der Landeshauptstadt Potsdam,"Wurde vor der Antragstellung oder Umsetzung eine Energieberatung durchgeführt, entweder durch die Verbraucherzentrale Brandenburg oder alternativ durch einen zertifizierten Energieberater (z. B. BAFA- oder DENA-zertifiziert)?",
158,1973,Erneuerbare Energien in der Landeshauptstadt Potsdam,Liegt ein Nachweis der Energieberatung (Leistungsschein oder Beratungsprotokoll) vor?,
159,1974,Erneuerbare Energien in der Landeshauptstadt Potsdam,Wird die Maßnahme von einer Fachfirma oder einem Fachbetrieb umgesetzt?,
160,1978,Bundesförderung für effiziente Gebäude (BEG) – Einzelmaßnahme - Anlagentechnik (außer Heizung) - Wohngebäude,"Wurde ein Contractingvertrag zwischen Contractor und Contractingnehmer geschlossen, der den Vorgaben der Richtlinie entspricht?",
161,1673,Bundesförderung für effiziente Gebäude (BEG) – Einzelmaßnahme - Anlagentechnik (außer Heizung) - Wohngebäude,Ist das Gebäude mindestens 5 Jahre alt?,
162,1908,Bundesförderung für effiziente Gebäude (BEG) – Einzelmaßnahme - Anlagentechnik (außer Heizung) - Wohngebäude,Wurde für die Antragstellung ein Energieeffizienz-Experte eingebunden?,
163,1983,Kommunales Modernisierungsprogramm Bochum,Ist das Gebäude älter als 10 Jahre?,
164,1985,Kommunales Modernisierungsprogramm Bochum,"Werden die Anforderungen des Gebäudeenergiegesetzes (GEG) eingehalten, oder liegt eine bescheinigte Ausnahme vor?",
165,1984,Kommunales Modernisierungsprogramm Bochum,Wurden alle erforderlichen Zustimmungen und Genehmigungen vor Antragstellung eingeholt?,
166,1993,Kommunales Modernisierungsprogramm Bochum,"Entspricht das Gebäude den allgemeinen Anforderungen an gesunde Wohn- und Arbeitsverhältnisse, oder sind die Verfügungsberechtigten bereit, bestehende Missstände zu beseitigen?",
167,1988,Kommunales Modernisierungsprogramm Bochum,Falls zusätzlicher Wohnraum geschaffen wird: Wird dieser für mindestens zehn Jahre vermietet (nicht selbst genutzt)?,
168,1990,Kommunales Modernisierungsprogramm Bochum,"Sichert der/die Antragsteller:in zu, über einen Zeitraum von mindestens zehn Jahren die Erhaltung und Pflege der neu hergerichteten Fläche(n) bzw. Installation(en) sicherzustellen?",
169,1992,Kommunales Modernisierungsprogramm Bochum,"Stehen der Maßnahme keine planungs-, bau- oder denkmalschutzrechtlichen Belange entgegen?",
170,1987,Kommunales Modernisierungsprogramm Bochum,Werden die bewilligten Maßnahmen durch Fachfirmen ausgeführt?,
171,1989,Kommunales Modernisierungsprogramm Bochum,Werden mit den Zuschüssen gedeckte Kosten nicht mietwirksam umgelegt?,
172,1991,Kommunales Modernisierungsprogramm Bochum,Wurde mit der Umsetzung der Maßnahmen erst nach Vorlage des Modernisierungsbescheids bzw. nach schriftlichem Bescheid eines förderunschädlichen vorzeitigen Maßnahmenbeginns begonnen?,
173,1982,Kommunales Modernisierungsprogramm Bochum,Beinhaltet das Gebäude mehr als zwei Wohneinheiten?,
174,1986,Kommunales Modernisierungsprogramm Bochum,Wurde bei der Planung von Maßnahmen am Äußeren des Gebäudes bzw. im Außenraum eine Abstimmung zu stadtgestalterischen Aspekten mit dem/der Modernisierungsberater:in vorgenommen?,
175,1999,Förderung von Dämmmaßnahmen zur Verminderung von Treibhausgas-Emissionen,"Handelt es sich um ein Wohngebäude, dessen Wärmedurchgangskoeffizient (U-Wert) des Daches bzw. obersten Gebäudeabschlusses nach der Dämmung höchstens 0,14 W/m²K beträgt?",
176,2002,Förderung von Dämmmaßnahmen zur Verminderung von Treibhausgas-Emissionen,"Beträgt die Energieerzeugung der Solaranlage(n), die im Rahmen der Dämmmaßnahme errichtet wird, mindestens 20 kWh/m²a bezogen auf die gedämmte Fläche des Daches bzw. des obersten Gebäudeabschlusses?",
177,2003,Förderung von Dämmmaßnahmen zur Verminderung von Treibhausgas-Emissionen,Handelt es sich bei der Solaranlage um eine Photovoltaikanlage oder eine Anlage zur Erzeugung von Wärme aus Sonnenkollektoren?,
178,2005,Förderung von Dämmmaßnahmen zur Verminderung von Treibhausgas-Emissionen,"Steht das Gebäude, dessen Dach gedämmt werden soll, im Eigentum des:der Antragstellenden?",
179,2006,Förderung von Dämmmaßnahmen zur Verminderung von Treibhausgas-Emissionen,Wurde für das betreffende Gebäude nur ein Antrag gestellt?,
180,2007,Förderung von Dämmmaßnahmen zur Verminderung von Treibhausgas-Emissionen,Falls das Dach für die Installation und den Betrieb einer Solaranlage anderen Personen zur Verfügung gestellt wird (z. B. Bürger:innensolaranlagen): Wurde vertraglich eine Nutzungsdauer von mindestens fünf Jahren vereinbart?,
181,2008,Klimafreundliches Wohnen und Arbeiten - Technische Anlagen zur Nutzung der Solarenergie: Steckerfertige Photovoltaik-Anlagen (bei Bestands- und Neubauten),"Werden PV-Module verwendet, für die eine anerkannte Prüfstelle die Einhaltung der Mindestanforderungen nach IEC 61215 und IEC 61730 bestätigt hat?",
182,2009,Klimafreundliches Wohnen und Arbeiten - Technische Anlagen zur Nutzung der Solarenergie: Steckerfertige Photovoltaik-Anlagen (bei Bestands- und Neubauten),Werden die aktuell gültigen Vorgaben zur Anmeldung einer steckerfertigen PV-Anlage eingehalten?,
183,1605,Klimafreundliches Wohnen und Arbeiten - Technische Anlagen zur Nutzung der Solarenergie: Steckerfertige Photovoltaik-Anlagen (bei Bestands- und Neubauten),"Handelt es sich entweder
a) nicht um ein eingetragenes Baudenkmal bzw. um ein Gebäude im Geltungsbereich einer Denkmalbereichssatzung, oder
b) doch, und es liegt eine Genehmigung der Unteren Denkmalbehörde für die geplanten Maßnahmen vor?",
184,2012,Klimafreundliches Wohnen und Arbeiten - Neubauten: Energieeffiziente Wohngebäude,Liegt eine gültige Baugenehmigung oder ein Vertrag mit einem Bauträger vor?,
185,2015,Klimafreundliches Wohnen und Arbeiten - Neubauten: Energieeffiziente Wohngebäude,Falls ein Passivhaus angestrebt wird: Wurde das Bauvorhaben von einem zugelassenen Büro des Passivhaus-Instituts auf Basis des Passivhaus-Projektierungspakets (PHPP) geplant und bestätigt?,
186,2016,Klimafreundliches Wohnen und Arbeiten - Neubauten: Energieeffiziente Wohngebäude,Sind die geförderten Gebäude und Wohneinheiten für mindestens 10 Jahre zweckentsprechend vorgesehen?,
187,1659,Bundesförderung für effiziente Gebäude (BEG) – Einzelmaßnahme - Anlagen zur Wärmeerzeugung: Wärmenetzanschluss - Wohngebäude (458),Führt die Maßnahme zu einer Erhöhung der Energieeffizienz des Gebäudes und/oder zu einem höheren Anteil erneuerbarer Energien am Endenergieverbrauch?,
188,1658,Bundesförderung für effiziente Gebäude (BEG) – Einzelmaßnahme - Anlagen zur Wärmeerzeugung: Wärmenetzanschluss - Wohngebäude (458),"Handelt es sich bei dem Gebäude um ein Bestandsgebäude, das mindestens 5 Jahre alt ist?",
189,1801,Bundesförderung für effiziente Gebäude (BEG) – Einzelmaßnahme - Anlagen zur Wärmeerzeugung: Wärmenetzanschluss - Wohngebäude (458),"Erfolgt der Einbau in Verbindung mit einer Optimierung des gesamten Heizungsverteilsystems, einschließlich der Durchführung des hydraulischen Abgleichs bzw. der Anpassung der Luftvolumenströme?",
190,2026,Förderung von Klimaschutz- und Klimaanpassungsmaßnahmen in Frankfurt am Main(Klimabonus),"Erklären die Antragssteller:innen, die geförderten Maßnahmen innerhalb von zehn Jahren (bei Mini-PV-Anlagen fünf Jahren) in ihrer Funktion aufrecht zu halten und nur mit Zustimmung der Fördermittelgeberin rückzubauen oder zu entfernen?",
191,2027,Förderung von Klimaschutz- und Klimaanpassungsmaßnahmen in Frankfurt am Main(Klimabonus),"Verzichten die Zuwendungsempfänger:innen mit der Antragstellung auf die Umlage der im Förderantrag geltend gemachten Investitionskosten auf eine etwaige Miete, sodass durch das geförderte Projekt keine Mieterhöhung erfolgt?",
192,2028,Förderung von Klimaschutz- und Klimaanpassungsmaßnahmen in Frankfurt am Main(Klimabonus),"Stehen der Bewilligung einer Maßnahme keine anderweitigen Rechtsvorschriften oder Auflagen entgegen, wie z. B. städtische Satzungen (Bebauungspläne, Vorgartensatzung), denkmalschutzrechtliche Vorschriften oder Bundesgesetze?",
193,2029,Förderung von Klimaschutz- und Klimaanpassungsmaßnahmen in Frankfurt am Main(Klimabonus),Ist die Maßnahme nicht rechtlich verpflichtend umzusetzen?,
194,2035,Klimafreundliches Wohnen und Arbeiten - Ladeinfrastruktur für Elektroautos,"Können Sie die Nutzung eines Elektroautos mit reinem Elektroantrieb oder Plug-In-Hybridantrieb nachweisen (z. B. durch Eigentum, rechtsverbindliche Bestellung, Leasingvertrag oder dienstliche Nutzung)?",
195,2036,Klimafreundliches Wohnen und Arbeiten - Ladeinfrastruktur für Elektroautos,Erfolgt der Betrieb des Ladepunkts über eine Photovoltaik-Anlage mit mindestens 6 kWp Leistung oder durch den Bezug von 100 % zertifiziertem Ökostrom?,
196,2037,Klimafreundliches Wohnen und Arbeiten - Ladeinfrastruktur für Elektroautos,"Werden Installation, Prüfung und Inbetriebnahme durch einen Fachbetrieb des Elektrohandwerks durchgeführt?",
197,2041,Gebäudehülle optimal gedämmt Freiburg im Breisgau,Falls das Gebäude als Kulturdenkmal eingestuft ist: Liegt eine denkmalschutzrechtliche Genehmigung vor?,
198,2042,Gebäudehülle optimal gedämmt Freiburg im Breisgau,"Wird der zum Zeitpunkt der Antragstellung gültige KfW-Standard eingehalten, wenn die Richtlinie Rechtsfolgen daran knüpft?",
199,2043,Gebäudehülle optimal gedämmt Freiburg im Breisgau,"Ermöglichen Sie den Beauftragten der Stadt, die ordnungsgemäße Ausführung der Maßnahmen vor Ort zu überprüfen?",
200,1668,Gebäudehülle optimal gedämmt Freiburg im Breisgau,Werden alle Arbeiten ausschließlich von Fachunternehmen durchgeführt?,
201,2044,Klimafreundliches Wohnen und Arbeiten - Technische Anlagen zur Nutzung der Solarenergie: Photovoltaik-Anlagen (bei Bestands- und Neubauten),"Werden PV-Module verwendet, die von einer anerkannten Prüfstelle geprüft und gemäß den Mindestanforderungen nach IEC 61215 sowie IEC 61730 zertifiziert sind?",
202,2045,Klimafreundliches Wohnen und Arbeiten - Technische Anlagen zur Nutzung der Solarenergie: Photovoltaik-Anlagen (bei Bestands- und Neubauten),Werden die technischen Vorgaben nach §9 EEG in der jeweils gültigen Fassung eingehalten?,
203,2047,Klimafreundliches Wohnen und Arbeiten - Technische Anlagen zur Nutzung der Solarenergie: Photovoltaik-Anlagen (bei Bestands- und Neubauten),"Werden die Arbeiten vollständig von Fachunternehmen durchgeführt, ohne Eigenleistungen?",
204,1605,Klimafreundliches Wohnen und Arbeiten - Technische Anlagen zur Nutzung der Solarenergie: Photovoltaik-Anlagen (bei Bestands- und Neubauten),"Handelt es sich entweder
a) nicht um ein eingetragenes Baudenkmal bzw. um ein Gebäude im Geltungsbereich einer Denkmalbereichssatzung, oder
b) doch, und es liegt eine Genehmigung der Unteren Denkmalbehörde für die geplanten Maßnahmen vor?",
205,1801,Bundesförderung für effiziente Gebäude (BEG) – Einzelmaßnahme - Anlagen zur Wärmeerzeugung: Brennstoffzellenheizung - Wohngebäude (458),"Erfolgt der Einbau in Verbindung mit einer Optimierung des gesamten Heizungsverteilsystems, einschließlich der Durchführung des hydraulischen Abgleichs bzw. der Anpassung der Luftvolumenströme?",
206,1658,Bundesförderung für effiziente Gebäude (BEG) – Einzelmaßnahme - Anlagen zur Wärmeerzeugung: Brennstoffzellenheizung - Wohngebäude (458),"Handelt es sich bei dem Gebäude um ein Bestandsgebäude, das mindestens 5 Jahre alt ist?",
207,1659,Bundesförderung für effiziente Gebäude (BEG) – Einzelmaßnahme - Anlagen zur Wärmeerzeugung: Brennstoffzellenheizung - Wohngebäude (458),Führt die Maßnahme zu einer Erhöhung der Energieeffizienz des Gebäudes und/oder zu einem höheren Anteil erneuerbarer Energien am Endenergieverbrauch?,
208,1802,Bundesförderung für effiziente Gebäude (BEG) – Einzelmaßnahme - Anlagen zur Wärmeerzeugung: Brennstoffzellenheizung - Wohngebäude (458),Wird für die Antragstellung einer Anlage zur Wärmeerzeugung ein Energieeffizienz-Experte eingebunden?,
209,2075,Erneuerbare Wärme - Fördermodul Solarthermie und Heizungsmodernisierung,Beträgt die Bruttokollektorfläche mindestens 20 m²?,
210,2076,Erneuerbare Wärme - Fördermodul Solarthermie und Heizungsmodernisierung,Wurde mit den Maßnahmen erst nach Zustimmung der Bewilligungsstelle begonnen?,
211,2085,Förderprogramm Klimaneutrale Gebäude (FKG) - Passivhaus im Bestand,"Wird das Gebäude als Passivhaus (Classic, Plus, Premium) zertifiziert durch das Passivhaus-Institut oder eine:n akkreditierte:n Zertifizierer:in?",
212,2087,Förderprogramm Klimaneutrale Gebäude (FKG) - Passivhaus im Bestand,"Kommen keine fossilen Brennstoffe (z. B. Heizöl, Erdgas) zum Einsatz?",
213,2088,Förderprogramm Klimaneutrale Gebäude (FKG) - Passivhaus im Bestand,Werden keine Fenster- oder Türrahmen aus Tropenholz eingebaut?,
214,2111,Bundesförderung für effiziente Gebäude (BEG) – Einzelmaßnahme - Fachplanung/Baubegleitung - Wohngebäude,"Wird die Förderung ausschließlich in Zusammenhang mit einer der folgenden Einzelmaßnahmen beantragt: Gebäudehülle, Anlagentechnik (außer Heizung), Anlagen zur Wärmeerzeugung (Heizungstechnik) oder Heizungsoptimierung?",
215,2112,Bundesförderung für effiziente Gebäude (BEG) – Einzelmaßnahme - Fachplanung/Baubegleitung - Wohngebäude,Wird ein Energieeffizienz-Experte für die Antragstellung eingebunden?,
216,2114,Bundesförderung für effiziente Gebäude (BEG) – Einzelmaßnahme - Fachplanung/Baubegleitung - Wohngebäude,Werden alle Anforderungen an die Leistung des Energieeffizienz-Experten gemäß Förderrichtlinie eingehalten?,
217,1925,"Förderprogramm Klimaneutrale Gebäude (FKG) - Einzelmaßnahmen: Digitale Systeme zur Betriebs- und Verbrauchsoptimierung,Netzdienlichkeit der technischen Anlagen von Wohngebäuden ""Efficiency Smart Home""",Falls das Gebäude denkmalgeschützt ist: Werden die Anforderungen der BEG EM eingehalten?,
218,1928,"Förderprogramm Klimaneutrale Gebäude (FKG) - Einzelmaßnahmen: Digitale Systeme zur Betriebs- und Verbrauchsoptimierung,Netzdienlichkeit der technischen Anlagen von Wohngebäuden ""Efficiency Smart Home""","Werden die Maßnahmen für das gesamte Gebäude umgesetzt, nicht nur für einzelne Wohnungen?",
219,2116,"Förderprogramm Klimaneutrale Gebäude (FKG) - Einzelmaßnahmen: Digitale Systeme zur Betriebs- und Verbrauchsoptimierung,Netzdienlichkeit der technischen Anlagen von Wohngebäuden ""Efficiency Smart Home""","Sind die Maßnahmen Bestandteil einer energetischen Sanierungsberatung, die im FKG beantragt wurde und nach Abschluss mindestens den Energiestandard EH55 erreicht?",
220,2131,Bundesförderung für effiziente Gebäude (BEG) – Einzelmaßnahme - Anlagen zur Wärmeerzeugung: Innovative Heiztechnik - Wohngebäude,"Falls es sich um Biomasseheizungen, Wärmepumpen, Brennstoffzellenheizungen, wasserstofffähige Heizungen oder innovative Heiztechnik handelt: Werden die durch die Anlagen versorgten Wohneinheiten oder Flächen nach der Maßnahme zu mindestens 65 % durch erneuerbare Energien beheizt?",
221,1659,Bundesförderung für effiziente Gebäude (BEG) – Einzelmaßnahme - Anlagen zur Wärmeerzeugung: Innovative Heiztechnik - Wohngebäude,Führt die Maßnahme zu einer Erhöhung der Energieeffizienz des Gebäudes und/oder zu einem höheren Anteil erneuerbarer Energien am Endenergieverbrauch?,
222,1801,Bundesförderung für effiziente Gebäude (BEG) – Einzelmaßnahme - Anlagen zur Wärmeerzeugung: Innovative Heiztechnik - Wohngebäude,"Erfolgt der Einbau in Verbindung mit einer Optimierung des gesamten Heizungsverteilsystems, einschließlich der Durchführung des hydraulischen Abgleichs bzw. der Anpassung der Luftvolumenströme?",
223,1658,Bundesförderung für effiziente Gebäude (BEG) – Einzelmaßnahme - Anlagen zur Wärmeerzeugung: Innovative Heiztechnik - Wohngebäude,"Handelt es sich bei dem Gebäude um ein Bestandsgebäude, das mindestens 5 Jahre alt ist?",
224,1802,Bundesförderung für effiziente Gebäude (BEG) – Einzelmaßnahme - Anlagen zur Wärmeerzeugung: Innovative Heiztechnik - Wohngebäude,Wird für die Antragstellung einer Anlage zur Wärmeerzeugung ein Energieeffizienz-Experte eingebunden?,
225,2133,Photovoltaik- und Solarthermieanlagen,Wurde mit dem Vorhaben erst nach der Bewilligung begonnen?,
226,2134,Photovoltaik- und Solarthermieanlagen,Werden die Anlagen zur Nutzung von Solarenergie durch eine Fachfirma installiert?,
227,2135,Photovoltaik- und Solarthermieanlagen,"Ist die fachgerechte und sichere Inbetriebnahme aller Anlagen nachweisbar, und werden die technischen Anschlussbedingungen des Netzbetreibers eingehalten?",
228,1659,Bundesförderung für effiziente Gebäude (BEG) – Einzelmaßnahme - Anlagen zur Wärmeerzeugung: Wärmepumpen - Wohngebäude (458),Führt die Maßnahme zu einer Erhöhung der Energieeffizienz des Gebäudes und/oder zu einem höheren Anteil erneuerbarer Energien am Endenergieverbrauch?,
229,1658,Bundesförderung für effiziente Gebäude (BEG) – Einzelmaßnahme - Anlagen zur Wärmeerzeugung: Wärmepumpen - Wohngebäude (458),"Handelt es sich bei dem Gebäude um ein Bestandsgebäude, das mindestens 5 Jahre alt ist?",
230,1801,Bundesförderung für effiziente Gebäude (BEG) – Einzelmaßnahme - Anlagen zur Wärmeerzeugung: Wärmepumpen - Wohngebäude (458),"Erfolgt der Einbau in Verbindung mit einer Optimierung des gesamten Heizungsverteilsystems, einschließlich der Durchführung des hydraulischen Abgleichs bzw. der Anpassung der Luftvolumenströme?",
231,2131,Bundesförderung für effiziente Gebäude (BEG) – Einzelmaßnahme - Anlagen zur Wärmeerzeugung: Wärmepumpen - Wohngebäude (458),"Falls es sich um Biomasseheizungen, Wärmepumpen, Brennstoffzellenheizungen, wasserstofffähige Heizungen oder innovative Heiztechnik handelt: Werden die durch die Anlagen versorgten Wohneinheiten oder Flächen nach der Maßnahme zu mindestens 65 % durch erneuerbare Energien beheizt?",
232,1802,Bundesförderung für effiziente Gebäude (BEG) – Einzelmaßnahme - Anlagen zur Wärmeerzeugung: Wärmepumpen - Wohngebäude (458),Wird für die Antragstellung einer Anlage zur Wärmeerzeugung ein Energieeffizienz-Experte eingebunden?,
233,2146,Klimafreundliches Wohnen und Arbeiten - Bestandsgebäude: Beratungsleistungen,Wurden alle Voraussetzungen aus dem Abschnitt „förderfähige Maßnahmen“ erfüllt?,
234,2149,Förderprogramm Klimafreundlich Wohnen der Stadt Freiburg im Breisgau - Heizung und Lüftung,"Handelt es sich bei den geplanten Maßnahmen um Arbeiten
a) an einem eingetragenen Baudenkmal
b) oder an einem Gebäude im örtlichen Geltungsbereich einer Denkmalbereichssatzung – und liegt dafür eine Genehmigung der Unteren Denkmalbehörde vor?",
235,2150,Förderprogramm Klimafreundlich Wohnen der Stadt Freiburg im Breisgau - Heizung und Lüftung,Wird der zum Zeitpunkt der Antragstellung gültige KfW-Standard eingehalten?,
236,2151,Förderprogramm Klimafreundlich Wohnen der Stadt Freiburg im Breisgau - Heizung und Lüftung,Ermöglichen Sie den Beauftragten der Stadt die ordnungsgemäße Ausführung der Maßnahmen vor Ort zu überprüfen?,
237,2153,progres.nrw - Klimaschutztechnik: Oberflächennahe Geothermie in Verbindung mit einer Wärmepumpe,Wurde mit den Maßnahmen noch nicht begonnen?,
238,2154,progres.nrw - Klimaschutztechnik: Oberflächennahe Geothermie in Verbindung mit einer Wärmepumpe,"Sind alle öffentlich-rechtlichen Genehmigungen, die zur Durchführung des Vorhabens erforderlich sind, vorhanden und können mit dem Antrag eingereicht werden?",
239,2156,progres.nrw - Klimaschutztechnik: Oberflächennahe Geothermie in Verbindung mit einer Wärmepumpe,Erfolgt die Auslegung und Ausführung der Erdwärmeanlage gemäß der Richtlinie VDI 4640 „Thermische Nutzung des Untergrundes“?,
240,2157,progres.nrw - Klimaschutztechnik: Oberflächennahe Geothermie in Verbindung mit einer Wärmepumpe,Entspricht die Maßnahme den Anforderungen des LANUV-Arbeitsblatts 39 „Wasserwirtschaftliche Anforderungen an die Nutzung von oberflächennaher Erdwärme“?,
241,2158,progres.nrw - Klimaschutztechnik: Oberflächennahe Geothermie in Verbindung mit einer Wärmepumpe,"Erfüllt die Jahresarbeitszahl der angeschlossenen Wärmepumpenanlage die Mindestanforderungen von 3,0 gemäß BAFA?",
242,2159,progres.nrw - Klimaschutztechnik: Oberflächennahe Geothermie in Verbindung mit einer Wärmepumpe,Wurde die fachgerechte Montage durch eine Fachunternehmererklärung nachgewiesen?,
243,2160,progres.nrw - Klimaschutztechnik: Oberflächennahe Geothermie in Verbindung mit einer Wärmepumpe,Wird pro Gebäude und Standort nur eine Anlage gefördert?,
244,1771,progres.nrw - Klimaschutztechnik: Oberflächennahe Geothermie in Verbindung mit einer Wärmepumpe,Übersteigt die beantragte Fördersumme die Bagatellgrenze von 350 Euro?,
245,2172,Energieberatung für Effizienz und Optimierung (ENEO),"Wurde das Energiegutachten von einer Person erstellt, die im [Energieberater-Pool](https://www.ibb-business-team.de/eneo/energieberater-pool/) gelistet ist?",
246,2173,Energieberatung für Effizienz und Optimierung (ENEO),Wurde die Beauftragung des Energiegutachtens erst nach Antragsstellung vorgenommen?,
247,2174,Energieberatung für Effizienz und Optimierung (ENEO),Beginnen die Sanierungsarbeiten innerhalb von 12 Monaten nach Zugang der Fördervereinbarung?,
248,2175,Energieberatung für Effizienz und Optimierung (ENEO),Haben die Eigentümer:innen noch nicht mehr als drei ENEO-Förderzusagen für Gebäude in ihrem Bestand in diesem Jahr erhalten?,
249,2176,Energieberatung für Effizienz und Optimierung (ENEO),Wurde die ENEO-Förderung nicht auf ein anderes Wohngebäude übertragen (z. B. bei Verkauf)?,
250,2177,Energieberatung für Effizienz und Optimierung (ENEO),Wurden bei juristischen Personen vor Antragsstellung die erforderlichen Einträge in der Transparenzdatenbank des Landes Berlin vorgenommen?,
251,2178,Energieberatung für Effizienz und Optimierung (ENEO),"Sind alle Maßnahmen und Förderungen im Einklang mit den De-minimis-Beihilferegelungen der EU, wonach Unternehmen innerhalb von drei Jahren nicht mehr als 200.000 EUR aus öffentlichen Fördergeldern erhalten dürfen?",
252,2179,Energieberatung für Effizienz und Optimierung (ENEO),"Haben die Antragsteller:innen zur Kenntnis genommen, dass kein Rechtsanspruch auf eine Förderung besteht und die individuelle Prüfung und Durchführung in der Verantwortung der IBB Business Team GmbH und der Investitionsbank Berlin liegt?",
253,2180,Klimafreundliches Wohnen und Arbeiten - Bestandsgebäude: Neuanschluss an die Fernwärme,Wurde ein hydraulischer Abgleich durchgeführt und kann dies nachgewiesen werden?,
254,1605,Klimafreundliches Wohnen und Arbeiten - Bestandsgebäude: Neuanschluss an die Fernwärme,"Handelt es sich entweder
a) nicht um ein eingetragenes Baudenkmal bzw. um ein Gebäude im Geltungsbereich einer Denkmalbereichssatzung, oder
b) doch, und es liegt eine Genehmigung der Unteren Denkmalbehörde für die geplanten Maßnahmen vor?",
255,1668,Klimafreundliches Wohnen und Arbeiten - Bestandsgebäude: Neuanschluss an die Fernwärme,Werden alle Arbeiten ausschließlich von Fachunternehmen durchgeführt?,
256,2184,Augsburger Solarförderprogramm Steckersolargeräte 2023 – 2025,Wird nur entweder ein Steckersolargerät oder eine PV-Anlage pro Wohn- oder Gewerbeeinheit gefördert?,
257,2185,Augsburger Solarförderprogramm Steckersolargeräte 2023 – 2025,"Wird pro Grundstück nur eine PV-Anlage, eine Solarthermie-Anlage und eine Bonus-Förderung sowie ein Steckersolargerät pro Wohn- oder Gewerbeeinheit beantragt?",
258,2186,Augsburger Solarförderprogramm Steckersolargeräte 2023 – 2025,"Wird die jährliche Gesamtförderungssumme pro antragsberechtigte Person eingehalten (maximal 10.000 Euro pro Jahr, davon maximal 2.000 Euro für Steckersolargeräte)?",
259,2191,Stromerzeugung erneuerbar Freiburg im Breisgau,Ermöglichen die Antragsteller:innen den Beauftragten der Stadt die ordnungsgemäße Ausführung vor Ort zu überprüfen?,
260,2150,Stromerzeugung erneuerbar Freiburg im Breisgau,Wird der zum Zeitpunkt der Antragstellung gültige KfW-Standard eingehalten?,
261,1605,Stromerzeugung erneuerbar Freiburg im Breisgau,"Handelt es sich entweder
a) nicht um ein eingetragenes Baudenkmal bzw. um ein Gebäude im Geltungsbereich einer Denkmalbereichssatzung, oder
b) doch, und es liegt eine Genehmigung der Unteren Denkmalbehörde für die geplanten Maßnahmen vor?",
262,2203,progres.nrw - Klimaschutztechnik: KlimaGebäude.NRW innerhalb von Landesprojekten (z.B. „KlimaQuartier.NRW“),Wurde mit den Maßnahmen erst nach Erteilung eines Zuwendungsbescheides begonnen?,
263,2204,progres.nrw - Klimaschutztechnik: KlimaGebäude.NRW innerhalb von Landesprojekten (z.B. „KlimaQuartier.NRW“),Sind alle für die Durchführung erforderlichen öffentlich-rechtlichen Genehmigungen vorhanden und mit dem Antrag eingereicht worden?,
264,2206,progres.nrw - Klimaschutztechnik: KlimaGebäude.NRW innerhalb von Landesprojekten (z.B. „KlimaQuartier.NRW“),"Handelt es sich um ein Gebäude, das im Rahmen von Landesprojekten liegt?",
265,2207,progres.nrw - Klimaschutztechnik: KlimaGebäude.NRW innerhalb von Landesprojekten (z.B. „KlimaQuartier.NRW“),"Erfüllt der Neubau die Anforderungen des Standards „KlimaGebäude.NRW“ (wärmebezogene CO2-Emissionen ≤ 5 kg/m²/Jahr, Transmissionswärmeverlust ≤ 0,30 W/m²K)?",
266,2208,progres.nrw - Klimaschutztechnik: KlimaGebäude.NRW innerhalb von Landesprojekten (z.B. „KlimaQuartier.NRW“),"Erfüllt das Bestandsgebäude die Anforderungen des Standards „KlimaGebäude.NRW“ (wärmebezogene CO2-Emissionen ≤ 10 kg/m²/Jahr, Transmissionswärmeverlust ≤ 0,38 W/m²K)?",
267,2209,progres.nrw - Klimaschutztechnik: KlimaGebäude.NRW innerhalb von Landesprojekten (z.B. „KlimaQuartier.NRW“),Wurde die Erfüllung der Anforderungen durch einen Bauvorlageberechtigten sowie durch eine gesonderte Kohlendioxid-Berechnung nachgewiesen?,
268,2210,progres.nrw - Klimaschutztechnik: KlimaGebäude.NRW innerhalb von Landesprojekten (z.B. „KlimaQuartier.NRW“),Liegt eine Bauzeichnung im Maßstab 1:100 sowie ein Lageplan des Gebäudes vor?,
269,2211,progres.nrw - Klimaschutztechnik: KlimaGebäude.NRW innerhalb von Landesprojekten (z.B. „KlimaQuartier.NRW“),"Wurde eine erfolgreiche Luftdichtigkeitsmessung durchgeführt und liegt der n50-Wert bei höchstens 1,0 pro Stunde?",
270,2212,progres.nrw - Klimaschutztechnik: KlimaGebäude.NRW innerhalb von Landesprojekten (z.B. „KlimaQuartier.NRW“),Erfüllt das Gebäude die energetischen Anforderungen des GEG?,
271,1771,progres.nrw - Klimaschutztechnik: KlimaGebäude.NRW innerhalb von Landesprojekten (z.B. „KlimaQuartier.NRW“),Übersteigt die beantragte Fördersumme die Bagatellgrenze von 350 Euro?,
272,2213,Bundesförderung für effiziente Gebäude (BEG) – Einzelmaßnahme - Heizungsoptimierung zur Effizienzverbesserung - Wohngebäude,"Handelt es sich um ein Bestandsgebäude, das mindestens 5 Jahre alt ist, mit maximal fünf Wohneinheiten oder bei einem Nichtwohngebäude um eine beheizte Fläche von höchstens 1.000 Quadratmetern?",
273,2214,Bundesförderung für effiziente Gebäude (BEG) – Einzelmaßnahme - Heizungsoptimierung zur Effizienzverbesserung - Wohngebäude,Wurde bei wassergeführten Heizungssystemen ein hydraulischer Abgleich nach Verfahren B durchgeführt und durch das VdZ-Formular nachgewiesen?,
274,2215,Bundesförderung für effiziente Gebäude (BEG) – Einzelmaßnahme - Heizungsoptimierung zur Effizienzverbesserung - Wohngebäude,"Wurde bei luftheizenden Systemen durch eine Fachunternehmererklärung bestätigt, dass die Luftvolumenströme gemäß den berechneten Einstellwerten einreguliert wurden?",
275,2216,Bundesförderung für effiziente Gebäude (BEG) – Einzelmaßnahme - Heizungsoptimierung zur Effizienzverbesserung - Wohngebäude,Ist ein Energieeffizienz-Experte in die Antragstellung eingebunden?,
276,2217,Bundesförderung für effiziente Gebäude (BEG) – Einzelmaßnahme - Heizungsoptimierung zur Effizienzverbesserung - Wohngebäude,Werden alle technischen Mindestanforderungen der Förderrichtlinie eingehalten?,
277,2219,Klimafreundliches Wohnen und Arbeiten - Bestandsgebäude: Einzelmaßnahmen an der Gebäudehülle: Erneuerung Fenster und Türen,"Werden ausschließlich Leistungen von Fachunternehmen in Anspruch genommen, und werden dabei keine Eigenleistungen geltend gemacht?",
278,2221,Klimafreundliches Wohnen und Arbeiten - Bestandsgebäude: Einzelmaßnahmen an der Gebäudehülle: Erneuerung Fenster und Türen,Werden alle technischen Mindestanforderungen aus dem Richtlinienheft eingehalten und nachgewiesen?,
279,1605,Klimafreundliches Wohnen und Arbeiten - Bestandsgebäude: Einzelmaßnahmen an der Gebäudehülle: Erneuerung Fenster und Türen,"Handelt es sich entweder
a) nicht um ein eingetragenes Baudenkmal bzw. um ein Gebäude im Geltungsbereich einer Denkmalbereichssatzung, oder
b) doch, und es liegt eine Genehmigung der Unteren Denkmalbehörde für die geplanten Maßnahmen vor?",
280,2223,Förderprogramm Klimaneutrale Gebäude (FKG) - Photovoltaikberatung,"Wird die Beratungsleistung durch einen Beratungsbericht abgeschlossen, der alle geforderten Leistungen umfasst?",
281,2224,Förderprogramm Klimaneutrale Gebäude (FKG) - Photovoltaikberatung,Wird in der Photovoltaikberatung die Stromversorgung aller Wohn- bzw. Nutzungseinheiten des Gebäudes berücksichtigt?,
282,2226,Förderprogramm Klimaneutrale Gebäude (FKG) - Photovoltaikberatung,Verfügt die Berater:in über die geforderte Qualifikation (Ingenieur:in oder Elektrotechniker:in mit einschlägiger Fortbildung oder beruflicher Erfahrung im Bereich Photovoltaik)?,
283,2228,Förderung für die Nutzung von Geothermie,Wurde vor der Bewilligung des Zuschusses nicht mit der Maßnahme begonnen?,
284,2229,Förderung für die Nutzung von Geothermie,Wird die Maßnahme ausschließlich von einem qualifizierten Fachunternehmen ausgeführt?,
285,2231,Förderung für die Nutzung von Geothermie,Wurde die Maßnahme erst nach der Bewilligung durch die Stadt Dortmund begonnen?,
286,2235,Umwelt.plus-Bonus,Sind Sie Kunde der Leipziger Stadtwerke?,
287,2236,Umwelt.plus-Bonus,"Nutzen Sie die Leipziger Vorteile, um zusätzliche Euros je Angebot zu erhalten?",
288,2239,progres.nrw - Klimaschutztechnik: Thermische Solaranlagen für die Gebäudeversorgung,Sind alle für die Durchführung erforderlichen öffentlich-rechtlichen Genehmigungen vorhanden und können diese mit dem Antrag eingereicht werden?,
289,1771,progres.nrw - Klimaschutztechnik: Thermische Solaranlagen für die Gebäudeversorgung,Übersteigt die beantragte Fördersumme die Bagatellgrenze von 350 Euro?,
290,2159,progres.nrw - Klimaschutztechnik: Thermische Solaranlagen für die Gebäudeversorgung,Wurde die fachgerechte Montage durch eine Fachunternehmererklärung nachgewiesen?,
291,2153,progres.nrw - Klimaschutztechnik: Thermische Solaranlagen für die Gebäudeversorgung,Wurde mit den Maßnahmen noch nicht begonnen?,
292,2241,progres.nrw - Klimaschutztechnik: Thermische Solaranlagen für die Gebäudeversorgung,Ist die thermische Solaranlage mit dem europäischen Prüfzeichen „Solar Keymark“ zertifiziert?,
293,2242,progres.nrw - Klimaschutztechnik: Thermische Solaranlagen für die Gebäudeversorgung,Erbringt die thermische Solaranlage einen Mindestenergieertrag von 525 Kilowattstunden pro Quadratmeter und Jahr?,
294,2243,progres.nrw - Klimaschutztechnik: Thermische Solaranlagen für die Gebäudeversorgung,Ist die Anlage im Rahmen der Bundesförderung für effiziente Gebäude - Programmbereich Einzelmaßnahmen beim BAFA gelistet oder als förderwürdig eingestuft?,
295,2244,progres.nrw - Klimaschutztechnik: Thermische Solaranlagen für die Gebäudeversorgung,Hat die Anlage eine Größe von mindestens vier Quadratmetern?,
296,2250,Fassadenprogramm Altötting,"Haben Sie sichergestellt, dass die Maßnahmen erst nach Erhalt des Bewilligungsbescheids der Stadt Altötting oder mit deren vorheriger schriftlicher Zustimmung begonnen wurden?",
297,1771,progres.nrw - Klimaschutztechnik: Biomasseanlagen in Verbindung mit der Nutzung von Solarenergie,Übersteigt die beantragte Fördersumme die Bagatellgrenze von 350 Euro?,
298,2256,progres.nrw - Klimaschutztechnik: Biomasseanlagen in Verbindung mit der Nutzung von Solarenergie,Falls keine thermische Solaranlage verwendet wird: Wird die Anlage in Kombination mit einer neu zu errichtenden (maximal 3 Monate in Betrieb) Photovoltaikanlage mit einer Nennleistung von mindestens 4 Kilowatt-Peak betrieben?,
299,2257,progres.nrw - Klimaschutztechnik: Biomasseanlagen in Verbindung mit der Nutzung von Solarenergie,"Ist die Anlage wassergeführt und mit einem Speicher verbunden, der mindestens 30 Liter pro Kilowatt fasst?",
300,2253,progres.nrw - Klimaschutztechnik: Biomasseanlagen in Verbindung mit der Nutzung von Solarenergie,Sind alle öffentlich-rechtlichen Genehmigungen vorhanden und können mit dem Antrag eingereicht werden?,
301,2255,progres.nrw - Klimaschutztechnik: Biomasseanlagen in Verbindung mit der Nutzung von Solarenergie,"Wird die Anlage in Verbindung mit einer neuen oder bereits installierten thermischen Solaranlage betrieben, die den Anforderungen des Programms „progress.nrw - Klimaschutztechnik: Thermische Solaranlagen für die Gebäudeversorgung“ entspricht?",
302,2258,progres.nrw - Klimaschutztechnik: Biomasseanlagen in Verbindung mit der Nutzung von Solarenergie,Ist die Anlage im Rahmen der Bundesförderung für effiziente Gebäude – Programmbereich Einzelmaßnahmen beim Bundesamt für Wirtschaft und Ausfuhrkontrolle gelistet oder als förderwürdig eingestuft?,
303,2259,progres.nrw - Klimaschutztechnik: Biomasseanlagen in Verbindung mit der Nutzung von Solarenergie,"Falls es sich um einen nicht gelisteten Anlagentyp handelt, wurde mit dem Verwendungsnachweis die Messbescheinigung des Schornsteinfegers für Heizkessel für feste Brennstoffe nach Anlage 2 der Verordnung über kleine und mittlere Feuerungsanlagen (BGBl. I S. 38 Januar 2010) vorgelegt?)?",
304,2159,progres.nrw - Klimaschutztechnik: Biomasseanlagen in Verbindung mit der Nutzung von Solarenergie,Wurde die fachgerechte Montage durch eine Fachunternehmererklärung nachgewiesen?,
305,2153,progres.nrw - Klimaschutztechnik: Biomasseanlagen in Verbindung mit der Nutzung von Solarenergie,Wurde mit den Maßnahmen noch nicht begonnen?,
306,2262,Augsburger Solarförderprogramm PV Anlagen 2023 – 2025,"Wird pro Wohn- oder Gewerbeeinheit entweder ein Steckersolargerät oder eine PV-Anlage gefördert, aber nicht beide zusammen?",
307,2263,Augsburger Solarförderprogramm PV Anlagen 2023 – 2025,"Wird pro Grundstück jeweils nur eine PV-Anlage, eine Solarthermie-Anlage und eine Bonus-Förderung gefördert, sowie ein Steckersolargerät pro Wohn- oder Gewerbeeinheit, sofern nicht durch den vorherigen Punkt ausgeschlossen?",
308,2264,Augsburger Solarförderprogramm PV Anlagen 2023 – 2025,"Bleibt die Gesamtsumme der beantragten Fördermittel pro antragsberechtigte Person unter 10.000 Euro pro Jahr, davon maximal 2.000 Euro für Steckersolargeräte?",
309,2286,Altbausanierung Mainz Plus,Sind Sie eine natürliche Person und Eigentümer des Sanierungsobjektes?,
310,2287,Altbausanierung Mainz Plus,Erfüllen die geplanten Maßnahmen die Voraussetzungen des KfW-Förderprogramms „Energieeffizient Sanieren“ (Programmnummer 261)?,
311,2288,Altbausanierung Mainz Plus,"Werden keine Eigenleistungen, Prototypen, gebrauchte Anlagen oder Anlagen mit wesentlich gebraucht erworbenen Anlagenteilen (ausgenommen Pufferspeicher) verwendet?",
312,2289,Altbausanierung Mainz Plus,"Sind Sie bereit, der Antrags- und Bewilligungsstelle für ein regelmäßiges Monitoring über einen Zeitraum von 5 Jahren jährlich die Betriebsdaten (z. B. Energieverbrauch, Brennstoffverbrauch) zur Verfügung zu stellen?",
313,2305,Bundesförderung für effiziente Gebäude (BEG) – Energieberatung für Wohngebäude,Liegt der Bauantrag oder die Bauanzeige für das Wohngebäude zum Zeitpunkt der Antragstellung mindestens zehn Jahre zurück?,
314,2306,Bundesförderung für effiziente Gebäude (BEG) – Energieberatung für Wohngebäude,"Wurde für dasselbe Wohngebäude in den letzten vier Jahren keine Förderung nach dieser oder der Vorgängerrichtlinie beantragt, es sei denn, es hat ein Eigentümerwechsel stattgefunden?",
315,2307,Bundesförderung für effiziente Gebäude (BEG) – Energieberatung für Wohngebäude,Wird die Energieberatung von einer in der Expertenliste unter www.energie-effizienz-experten.de in der Kategorie „Energieberatung für Wohngebäude“ gelisteten Person durchgeführt?,
316,2311,Energiesparprogramm: Förderung für energetische Sanierungen,Ist das Gebäude bauaufsichtlich genehmigt?,
317,2321,Erneuerbare Wärme - Fördermodul Wärmespeicher,Haben Sie vor Maßnahmenbeginn die Zustimmung der Bewilligungsstelle eingeholt?,
318,2323,progres.nrw - Klimaschutztechnik: Wärmepumpen in Verbindung mit einem kalten Wärmenetz,Wurde mit der Maßnahme noch nicht begonnen?,
319,2324,progres.nrw - Klimaschutztechnik: Wärmepumpen in Verbindung mit einem kalten Wärmenetz,Sind alle erforderlichen öffentlich-rechtlichen Genehmigungen vorhanden und werden sie mit dem Antrag eingereicht?,
320,2325,progres.nrw - Klimaschutztechnik: Wärmepumpen in Verbindung mit einem kalten Wärmenetz,Beträgt die Fördersumme mindestens 350 Euro?,
321,2326,progres.nrw - Klimaschutztechnik: Wärmepumpen in Verbindung mit einem kalten Wärmenetz,Sind die beantragten Anlagen im Rahmen der Bundesförderung für effiziente Gebäude – Programmbereich Einzelmaßnahmen beim Bundesamt für Wirtschaft und Ausfuhrkontrolle als förderwürdig eingestuft?,
322,2327,progres.nrw - Klimaschutztechnik: Wärmepumpen in Verbindung mit einem kalten Wärmenetz,"Wurde der Antrag rechtzeitig gestellt, sodass über ihn entschieden wurde, bevor mit der Maßnahme begonnen wird?",
323,2341,Klimafreundliches Wohnen und Arbeiten - Bestandsgebäude: Heizungsoptimierung,Ist das Heizungssystem hydraulisch abgeglichen?,
324,2342,Klimafreundliches Wohnen und Arbeiten - Bestandsgebäude: Heizungsoptimierung,"Falls nein, wird ein hydraulischer Abgleich nach Verfahren B gemäß den Fachregeln der „VdZ – Wirtschaftsvereinigung Gebäude und Energie e.V.“ durchgeführt?",
325,2343,Klimafreundliches Wohnen und Arbeiten - Bestandsgebäude: Heizungsoptimierung,Sind Rechnungen und Einstellprotokolle zur Bestätigung des hydraulischen Abgleichs vorhanden?,
326,2344,Klimafreundliches Wohnen und Arbeiten - Bestandsgebäude: Heizungsoptimierung,Handelt es sich um ein Bestandsgebäude mit höchstens fünf Wohneinheiten oder bei einem Nichtwohngebäude um eine beheizte Fläche von maximal 1.000 Quadratmetern?,
327,2345,KlimaBonus Karlsruhe,Haben Sie den Antrag vor Beginn der Arbeiten am Gebäude gestellt?,
328,1673,Bundesförderung für effiziente Gebäude (BEG) – Einzelmaßnahme - Anlagen zur Wärmeerzeugung: Wärmepumpen,Ist das Gebäude mindestens 5 Jahre alt?,
329,2347,Bundesförderung für effiziente Gebäude (BEG) – Einzelmaßnahme - Anlagen zur Wärmeerzeugung: Wärmepumpen,Erhöht die Maßnahme die Energieeffizienz des Gebäudes oder den Anteil erneuerbarer Energien am Endenergieverbrauch?,
330,2348,Bundesförderung für effiziente Gebäude (BEG) – Einzelmaßnahme - Anlagen zur Wärmeerzeugung: Wärmepumpen,"Wird die Maßnahme mit einer Optimierung des Heizungsverteilsystems, einschließlich eines hydraulischen Abgleichs und der Anpassung der Luftvolumenströme, verbunden?",
331,2349,Bundesförderung für effiziente Gebäude (BEG) – Einzelmaßnahme - Anlagen zur Wärmeerzeugung: Wärmepumpen,"Wird entweder kein Gebäudenetz errichtet, umgebaut oder erweitert – oder, falls doch, ein Energieeffizienz-Experte bzw. eine Energieeffizienz-Expertin in das Vorhaben eingebunden?",
332,2356,progres.nrw - Klimaschutztechnik: Stationäre wasserstoffbasierte Energiesysteme in Verbindung mit einer PV-Anlage,Wurde mit der Maßnahme erst nach Erteilung eines Zuwendungsbescheides begonnen?,
333,2357,progres.nrw - Klimaschutztechnik: Stationäre wasserstoffbasierte Energiesysteme in Verbindung mit einer PV-Anlage,Sind alle erforderlichen öffentlich-rechtlichen Genehmigungen vorhanden und wurden diese mit dem Antrag eingereicht?,
334,2359,progres.nrw - Klimaschutztechnik: Stationäre wasserstoffbasierte Energiesysteme in Verbindung mit einer PV-Anlage,Wurde der Einbau des wasserstoffbasierten Energiesystems durch ein Fachunternehmen durchgeführt und die Montage durch eine Fachunternehmererklärung bestätigt?,
335,2360,progres.nrw - Klimaschutztechnik: Stationäre wasserstoffbasierte Energiesysteme in Verbindung mit einer PV-Anlage,"Verfügen die eingesetzten Elektrolyseure, Wasserstoffspeicher und Heizkessel über eine CE-Kennzeichnung?",
336,2361,progres.nrw - Klimaschutztechnik: Stationäre wasserstoffbasierte Energiesysteme in Verbindung mit einer PV-Anlage,"Wurde die fachgerechte Auslegung des Gesamtsystems von einer fachkundigen Person oder einem Fachunternehmen vorgenommen, die/ das über die notwendigen Qualifikationen und fachbezogene Erfahrung der letzten zwei Jahre verfügt?",
337,2362,progres.nrw - Klimaschutztechnik: Stationäre wasserstoffbasierte Energiesysteme in Verbindung mit einer PV-Anlage,Wurden die Ausgaben für förderfähige Systemkomponenten bei integrierten Anlagensystemen gesondert ausgewiesen?,
338,1771,progres.nrw - Klimaschutztechnik: Stationäre wasserstoffbasierte Energiesysteme in Verbindung mit einer PV-Anlage,Übersteigt die beantragte Fördersumme die Bagatellgrenze von 350 Euro?,
339,2364,Förderprogramm Klimaneutrale Gebäude (FKG) - Mieterstrom bzw. Direktverkauf,Werden die gesetzlichen Anforderungen an Mieterstromverträge gemäß § 42a EnWG eingehalten?,
340,2365,Modernisierungs- und Instandsetzungsmaßnahmen an privaten Gebäuden und Freiflächen im Sanierungsgebiet „Schinkel“,Liegt das Grundstück im förmlich festgelegten Sanierungsgebiet „Schinkel“ und weist es Missstände oder Mängel auf?,
341,2366,Modernisierungs- und Instandsetzungsmaßnahmen an privaten Gebäuden und Freiflächen im Sanierungsgebiet „Schinkel“,"Zielen die Maßnahmen darauf ab, die wesentlichen städtebaulichen Missstände zu beseitigen?",
342,2367,Modernisierungs- und Instandsetzungsmaßnahmen an privaten Gebäuden und Freiflächen im Sanierungsgebiet „Schinkel“,"Führen die Maßnahmen zu einer Verfestigung von vorhandenen städtebaulichen Missständen, obwohl sie stil- und fachgerecht ausgeführt werden?",
343,2368,"Stromspar-Check 150,00 €","Haben Sie ein geringes Einkommen, das Sie für die Teilnahme qualifiziert?",
344,2369,"Stromspar-Check 150,00 €","Gehören Sie zu einem Haushalt, der sich hohe Stromkosten nicht mehr leisten kann oder will?",
345,2371,Förderprogramm Klimaneutrale Gebäude (FKG) - Effizienzhaus im Bestand,Stellen Sie einen FKG-Förderantrag in Kombination mit einem Förderantrag bei der BAFA oder KfW Bundesförderung Energieeffiziente Gebäude – Wohngebäude (BEG WG)?,
346,2372,Förderprogramm Klimaneutrale Gebäude (FKG) - Effizienzhaus im Bestand,Halten Sie die Technischen Mindestanforderungen (TMA) des Programms „Bundesförderung für effiziente Gebäude – Wohngebäude (BEG WG)“ ein?,
347,2373,Förderprogramm Klimaneutrale Gebäude (FKG) - Effizienzhaus im Bestand,"Werden fossile Brennstoffe (z. B. Heizöl, Erdgas) in der geplanten Maßnahme eingesetzt?",
348,2374,Förderprogramm Klimaneutrale Gebäude (FKG) - Effizienzhaus im Bestand,Wird das Gebäude über SWM-Fernwärme versorgt oder ist ein Anschluss an das SWM-Fernwärmenetz möglich?,
349,2375,Förderprogramm Klimaneutrale Gebäude (FKG) - Effizienzhaus im Bestand,Werden Fenster- oder Türrahmen aus Tropenholz eingebaut?,
350,1554,progres.nrw - Klimaschutztechnik: Austausch bestehender elektrischer Speicherheizungen in Verbindung mit der Installation einer Erneuerbaren-Energien-Heizungsanlage,Wird das Vorhaben in Nordrhein-Westfalen durchgeführt?,
351,2385,progres.nrw - Klimaschutztechnik: Austausch bestehender elektrischer Speicherheizungen in Verbindung mit der Installation einer Erneuerbaren-Energien-Heizungsanlage,Haben Sie mit der Maßnahme vor Erteilung des Zuwendungsbescheids begonnen?,
352,2386,progres.nrw - Klimaschutztechnik: Austausch bestehender elektrischer Speicherheizungen in Verbindung mit der Installation einer Erneuerbaren-Energien-Heizungsanlage,"Liegen öffentlich-rechtliche Genehmigungen für das Vorhaben vor, und werden diese mit dem Antrag eingereicht?",
353,2387,progres.nrw - Klimaschutztechnik: Austausch bestehender elektrischer Speicherheizungen in Verbindung mit der Installation einer Erneuerbaren-Energien-Heizungsanlage,Erfüllen Sie die Bagatellgrenze von 350 Euro für Zuwendungen?,
354,2388,progres.nrw - Klimaschutztechnik: Austausch bestehender elektrischer Speicherheizungen in Verbindung mit der Installation einer Erneuerbaren-Energien-Heizungsanlage,"Wird die Wärmepumpe mit zertifiziertem Ökostrom betrieben und erreicht sie eine Jahresarbeitszahl von mindestens 3,0?",
355,2389,progres.nrw - Klimaschutztechnik: Austausch bestehender elektrischer Speicherheizungen in Verbindung mit der Installation einer Erneuerbaren-Energien-Heizungsanlage,Haben Sie eine Fachunternehmererklärung über die fachgerechte Montage?,
356,2390,progres.nrw - Klimaschutztechnik: Austausch bestehender elektrischer Speicherheizungen in Verbindung mit der Installation einer Erneuerbaren-Energien-Heizungsanlage,Können Sie der Bewilligungsbehörde Entsorgungsbescheinigungen für die Altanlagen vorlegen?,
357,2391,progres.nrw - Klimaschutztechnik: Austausch bestehender elektrischer Speicherheizungen in Verbindung mit der Installation einer Erneuerbaren-Energien-Heizungsanlage,Liegt keine gesetzliche Pflicht zur Außerbetriebnahme der alten Geräte vor?,
358,2393,"Förderprogramm Klimaneutrale Gebäude (FKG) - Einzelmaßnahmen: Austausch von Fenstern, Außentüren","Ist das Vorhaben Teil einer energetischen Sanierungsberatung gemäß FKG, die mindestens den Energiestandard EH55 erreicht?",
359,2394,"Förderprogramm Klimaneutrale Gebäude (FKG) - Einzelmaßnahmen: Austausch von Fenstern, Außentüren","Handelt es sich entweder
a) nicht um ein denkmalgeschütztes Gebäude 
b) oder, falls doch, werden die Anforderungen der BEG EM erfüllt?",
360,2396,"Förderprogramm Klimaneutrale Gebäude (FKG) - Einzelmaßnahmen: Austausch von Fenstern, Außentüren",Sind die Maßnahmen an eine Förderung gemäß BEG EM gebunden und erfüllen sie die entsprechenden Technischen Mindestanforderungen (TMA)?,
361,2397,"Förderprogramm Klimaneutrale Gebäude (FKG) - Einzelmaßnahmen: Austausch von Fenstern, Außentüren",Werden die Maßnahmen für das gesamte Gebäude durchgeführt (nicht nur einzelne Wohnungen)?,
362,2399,"Förderprogramm Klimaneutrale Gebäude (FKG) - Einzelmaßnahmen: Austausch von Fenstern, Außentüren","Werden die in der energetischen Sanierungsberatung ermittelten U-Werte eingehalten, einschließlich der Dämmung aller betroffenen Flächen des Bauteils?",
363,2400,"Förderprogramm Klimaneutrale Gebäude (FKG) - Einzelmaßnahmen: Austausch von Fenstern, Außentüren",Wird auf den Einbau von Fenster- und Türrahmen aus Tropenholz verzichtet?,
364,2394,Förderprogramm Klimaneutrale Gebäude (FKG) - Einzelmaßnahmen: RLT-Anlagen mit Wärme-/Kälterückgewinnung,"Handelt es sich entweder
a) nicht um ein denkmalgeschütztes Gebäude 
b) oder, falls doch, werden die Anforderungen der BEG EM erfüllt?",
365,2402,Förderprogramm Klimaneutrale Gebäude (FKG) - Einzelmaßnahmen: RLT-Anlagen mit Wärme-/Kälterückgewinnung,"Ist das Vorhaben Teil einer im FKG beantragbaren energetischen Sanierungsberatung, die eine Schritt-für-Schritt Sanierung zur Erreichung des Standards EH55 darstellt?",
366,2405,Förderprogramm Klimaneutrale Gebäude (FKG) - Einzelmaßnahmen: RLT-Anlagen mit Wärme-/Kälterückgewinnung,Sind die Maßnahmen an eine Förderung gemäß der BEG EM Richtlinie gebunden und werden die Technischen Mindestanforderungen (TMA) erfüllt?,
367,2406,Förderprogramm Klimaneutrale Gebäude (FKG) - Einzelmaßnahmen: RLT-Anlagen mit Wärme-/Kälterückgewinnung,Werden die Maßnahmen für das gesamte Gebäude durchgeführt (nicht nur für einzelne Wohnungen)?,
368,2408,Förderprogramm Klimaneutrale Gebäude (FKG) - Einzelmaßnahmen: RLT-Anlagen mit Wärme-/Kälterückgewinnung,Wird die Luftdichtheit der Gebäudehülle messtechnisch bestimmt (fertiggestellt und ggf. während der Bauphase)?,
369,2422,Klimafreundliches Wohnen und Arbeiten - Bestandsgebäude: Wärmepumpen,Falls die Maßnahmen privat durchgeführt werden: Handelt es sich um Materialkosten für ein in Eigenbesitz befindliches Gebäude?,
370,1605,Klimafreundliches Wohnen und Arbeiten - Bestandsgebäude: Wärmepumpen,"Handelt es sich entweder
a) nicht um ein eingetragenes Baudenkmal bzw. um ein Gebäude im Geltungsbereich einer Denkmalbereichssatzung, oder
b) doch, und es liegt eine Genehmigung der Unteren Denkmalbehörde für die geplanten Maßnahmen vor?",
371,1668,Klimafreundliches Wohnen und Arbeiten - Bestandsgebäude: Wärmepumpen,Werden alle Arbeiten ausschließlich von Fachunternehmen durchgeführt?,
372,2424,Förderprogramm Klimaneutrale Gebäude (FKG) - Effizienzhaus im Neubau,Werden fossile Brennstoffe wie Heizöl oder Erdgas verwendet?,
373,2425,Förderprogramm Klimaneutrale Gebäude (FKG) - Effizienzhaus im Neubau,Kommen Fenster- oder Türrahmen aus Tropenholz zum Einsatz?,
374,2430,progres.nrw - Klimaschutztechnik: Wärme- und Kältespeicher,Wurde mit der Maßnahme erst nach Erteilung des Zuwendungsbescheides begonnen?,
375,2431,progres.nrw - Klimaschutztechnik: Wärme- und Kältespeicher,"Werden die öffentlich-rechtlichen Genehmigungen, die zur Durchführung des Vorhabens erforderlich sind, mit dem Antrag eingereicht?",
376,2433,progres.nrw - Klimaschutztechnik: Wärme- und Kältespeicher,Wird die fachgerechte Montage durch eine Fachunternehmererklärung nachgewiesen?,
377,2434,progres.nrw - Klimaschutztechnik: Wärme- und Kältespeicher,"Wurde eine detaillierte Anlagenbeschreibung vorgelegt, auf deren Basis die Bewilligungsbehörde eine Einzelfallentscheidung treffen kann?",
378,1771,progres.nrw - Klimaschutztechnik: Wärme- und Kältespeicher,Übersteigt die beantragte Fördersumme die Bagatellgrenze von 350 Euro?,
379,2448,Erneuerbare-Energien-Gesetz (EEG): Photovoltaik,Wird die Dach-PV-Anlage mit einer Leistung ab 100 kWp direkt vermarktet?,
380,2449,Erneuerbare-Energien-Gesetz (EEG): Photovoltaik,Wird die Dach-PV-Anlage mit einer Leistung ab 1000 kWp an einer EEG-Ausschreibung teilnehmen?,
381,2450,Erneuerbare-Energien-Gesetz (EEG): Photovoltaik,"Ist Ihre Freiflächen- oder Agri PV-Anlage größer als 1000 kWp, und wird sie am Ausschreibungsverfahren der Bundesnetzagentur teilnehmen?",
382,2451,Erneuerbare-Energien-Gesetz (EEG): Photovoltaik,"Handelt es sich entweder
a) nicht um eine Bürgerenergiegesellschaft gemäß § 3 Nr. 15 EEG 
b) oder, falls doch, erfüllt die geplante Anlage die entsprechenden Anforderungen?",
383,2452,Erneuerbare-Energien-Gesetz (EEG): Photovoltaik,"Wenn es sich um eine Bürgerenergiegesellschaft handelt:  
   a. Hat die Gesellschaft mindestens 50 natürliche Personen als stimmberechtigte Mitglieder?",
384,1928,Förderprogramm Klimaneutrale Gebäude (FKG) - Einzelmaßnahmen: Heizungsoptimierung,"Werden die Maßnahmen für das gesamte Gebäude umgesetzt, nicht nur für einzelne Wohnungen?",
385,2454,Förderprogramm Klimaneutrale Gebäude (FKG) - Einzelmaßnahmen: Heizungsoptimierung,"Sind die Maßnahmen Bestandteil der energetischen Sanierungsberatung mit dem Ziel, mindestens den Energiestandard EH55 zu erreichen?",
386,2455,Förderprogramm Klimaneutrale Gebäude (FKG) - Einzelmaßnahmen: Heizungsoptimierung,Gelten für denkmalgeschützte Gebäude die Anforderungen der BEG EM?,
387,2456,Förderprogramm Klimaneutrale Gebäude (FKG) - Einzelmaßnahmen: Heizungsoptimierung,Sind die Maßnahmen an eine Förderung gemäß der „Richtlinie für die Bundesförderung für effiziente Gebäude - Einzelmaßnahmen (BEG EM)“ gebunden?,
388,2457,Förderprogramm Klimaneutrale Gebäude (FKG) - Einzelmaßnahmen: Heizungsoptimierung,Werden die Förderbedingungen und Technischen Mindestanforderungen (TMA) der BEG EM eingehalten?,
389,2460,Erneuerbare Wärme - Fördermodul Erschließung von Wärmequellen,Haben Sie bereits mit den Maßnahmen begonnen?,
390,2461,Erneuerbare Wärme - Fördermodul Erschließung von Wärmequellen,Haben Sie vor Beginn der Maßnahmen die Zustimmung der Bewilligungsstelle eingeholt?,
391,2463,Förderprogramm Klimaneutrale Gebäude (FKG) - Passivhaus im Neubau,"Ist das Gebäude als Passivhaus der entsprechenden Klasse (Classic, Plus, Premium) zertifiziert?",
392,2465,Förderprogramm Klimaneutrale Gebäude (FKG) - Passivhaus im Neubau,"Kommen fossile Brennstoffe (z. B. Heizöl, Erdgas) zum Einsatz?",
393,2375,Förderprogramm Klimaneutrale Gebäude (FKG) - Passivhaus im Neubau,Werden Fenster- oder Türrahmen aus Tropenholz eingebaut?,
394,2467,Förderprogramm Dachbegründung,"Wird das Dachbegrünungsvorhaben durch eine Architektin, einen Architekten, eine Landschaftsarchitektin, einen Landschaftsarchitekten oder einen Fachbetrieb (Gärtnerei oder Dachdeckerei) geplant?",
395,2468,Förderprogramm Dachbegründung,Wurde ein Fachbetrieb (Gärtnerei oder Dachdeckerei) mit der Durchführung der Dachbegrünungsmaßnahme beauftragt?,
396,2469,Förderprogramm Dachbegründung,"Verpflichten Sie sich, die geförderte Dachbegrünung mindestens zehn Jahre nach Fertigstellung zu erhalten?",
397,2471,Förderprogramm Klimaneutrale Gebäude (FKG) - Einzelmaßnahmen: Wärmepumpen,Sind die Maßnahmen Bestandteil einer energetischen Sanierungsberatung mit einem Zielstandard von mindestens EH55?,
398,2472,Förderprogramm Klimaneutrale Gebäude (FKG) - Einzelmaßnahmen: Wärmepumpen,Liegt ein positiver Förderbescheid für die energetische Sanierungsberatung vor?,
399,2473,Förderprogramm Klimaneutrale Gebäude (FKG) - Einzelmaßnahmen: Wärmepumpen,"Werden alle Maßnahmen für das gesamte Gebäude umgesetzt, nicht nur für einzelne Wohnungen?",
400,2474,Förderprogramm Klimaneutrale Gebäude (FKG) - Einzelmaßnahmen: Wärmepumpen,Ist der Verwendungsnachweis für die energetische Sanierungsberatung bereits eingereicht?,
401,2475,Förderprogramm Solares Bonn,"Stimmen Sie zu, dass die Stadt Bonn eine Vor-Ort-Prüfung durchführen darf und das Objekt nach Absprache betreten werden kann?",
402,2476,Förderprogramm Solares Bonn,"Verpflichten Sie sich, die geförderte Anlage mindestens zehn Jahre ab Inbetriebnahme am Standort bestimmungsgemäß zu betreiben?",
403,2477,Förderprogramm Solares Bonn,"Falls Sie nicht Eigentümer\*in des Grundstücks sind, stellen Sie sicher, dass der Zugang für eine Prüfung anderweitig gewährleistet ist?",
404,2478,Förderprogramm Solares Bonn,"Ist Ihnen bewusst, dass die Stadt Bonn bei nicht sachgemäßer Mittelverwendung die Fördermittel zurückfordern kann?",
405,2479,Förderprogramm Solares Bonn,"Sollten Sie die Anlage veräußern, stellen Sie sicher, dass der Rechtsnachfolger sie bis zur Mindestbetriebszeit von 10 Jahren weiterbetreibt?",
406,2480,Förderprogramm Solares Bonn,"Sind Sie damit einverstanden, dass Stecker-Solargeräte im Falle eines Umzugs mitgenommen werden können, aber nur, wenn der neue Standort weiterhin innerhalb des Stadtgebiets Bonn liegt?",
407,2481,Förderprogramm Solares Bonn,"Sind Sie damit einverstanden, dass eine nicht genehmigungsfreie Anlage so umgebaut werden muss, dass sie keine öffentlich-rechtlichen Vorschriften verletzt, um eine Rückforderung der Fördermittel zu vermeiden?",
408,2482,Förderprogramm Solares Bonn,Wurde für diese Anlage bereits eine Förderung nach einer früheren Photovoltaik-Förderrichtlinie der Stadt Bonn gewährt?,
409,2483,Förderprogramm Solares Bonn,Wird das Stecker-Solargerät nach den allgemein anerkannten Regeln der Technik installiert und betrieben?,
410,2484,Ulmer Energieförderprogramm,Haben Sie das Antragsformular für mehrere Maßnahmen verwendet?,
411,2485,Ulmer Energieförderprogramm,"Können Sie bestätigen, dass die Anträge und erforderlichen Unterlagen in deutscher Sprache spätestens drei Monate nach Umsetzung der Maßnahmen vorgelegt werden?",
412,2486,Ulmer Energieförderprogramm,"Wurde bei Maßnahmen, die eine Beratung erfordern, vor Beginn ein Beratungsgespräch mit der Regionalen Energieagentur Ulm geführt?",
413,2487,Wärmepumpen‐Programm,Ist das Gebäude bauaufsichtlich genehmigt und innerhalb des Stadtgebiets der Landeshauptstadt Stuttgart gelegen?,
414,2488,Wärmepumpen‐Programm,"Wird eine Jahresarbeitszahl von mindestens 3,5 bei Luft/Wasser-Wärmepumpen im Bestand, 3,8 bei Sole/Wasser- und Wasser/Wasser-Wärmepumpen in Wohngebäuden im Bestand, 4,0 bei Sole/Wasser- und Wasser/Wasser-Wärmepumpen in Nichtwohngebäuden im Bestand oder 4,5 im Neubau erreicht?",
415,2489,Wärmepumpen‐Programm,Wurde die Berechnung der Jahresarbeitszahl bei Wärmepumpen bis 100 kW nach VDI 4650 durchgeführt?,
416,2490,Wärmepumpen‐Programm,Ist die Jahresarbeitszahl bei Wärmepumpen über 100 kW durch eine Fachunternehmererklärung nachgewiesen?,
417,2491,Wärmepumpen‐Programm,"Wird bei bivalentem Betrieb der Wärmepumpe nachgewiesen, dass der Deckungsanteil der Wärmepumpe am Gesamtwärmebedarf mindestens 85 % beträgt?",
418,2492,Wärmepumpen‐Programm,Ist die eingesetzte Wärmepumpe auf der Liste der förderfähigen Anlagen des BAFA aufgeführt?,
419,2493,Wärmepumpen‐Programm,Werden die Mindestabstände zu schutzbedürftiger Bebauung bei Wärmepumpen mit der Wärmequelle Außenluft eingehalten?,
420,2494,Wärmepumpen‐Programm,"Sind mindestens ein Wärmemengenzähler und ein Stromzähler eingebaut, um die abgegebene Wärme sowie den aufgenommenen Strom zu erfassen?",
421,2495,Wärmepumpen‐Programm,Wurde ein hydraulischer Abgleich durchgeführt?,
422,2497,progres.nrw - Klimaschutztechnik: Wohngebäude im Drei-Liter-Haus-Standard einschließlich Lüftungsanlagen,Wird mit den Maßnahmen erst nach Erteilung eines Zuwendungsbescheides begonnen?,
423,2498,progres.nrw - Klimaschutztechnik: Wohngebäude im Drei-Liter-Haus-Standard einschließlich Lüftungsanlagen,Werden alle erforderlichen öffentlich-rechtlichen Genehmigungen mit dem Antrag eingereicht?,
424,2499,progres.nrw - Klimaschutztechnik: Wohngebäude im Drei-Liter-Haus-Standard einschließlich Lüftungsanlagen,Betragen die zu beantragenden Zuwendungen mindestens 350 Euro?,
425,2500,progres.nrw - Klimaschutztechnik: Wohngebäude im Drei-Liter-Haus-Standard einschließlich Lüftungsanlagen,Entspricht der Heizwärmebedarf des Gebäudes maximal 35 kWh pro Quadratmeter im Jahr?,
426,2501,progres.nrw - Klimaschutztechnik: Wohngebäude im Drei-Liter-Haus-Standard einschließlich Lüftungsanlagen,"Liegt die Luftwechselrate bei 50 Pa Druckdifferenz (n50-Wert) unter maximal 1,0 pro Stunde?",
427,2502,progres.nrw - Klimaschutztechnik: Wohngebäude im Drei-Liter-Haus-Standard einschließlich Lüftungsanlagen,Wurde der Drei-Liter-Haus Standard auf Basis des Passivhaus-Projektierungspakets (PHPP) nachgewiesen?,
428,2503,progres.nrw - Klimaschutztechnik: Wohngebäude im Drei-Liter-Haus-Standard einschließlich Lüftungsanlagen,Sind Bauzeichnungen im Maßstab 1:100 und ein Lageplan des Gebäudes vorgelegt?,
429,2505,Heizungsaustauschprogramm,Ist das Gebäude innerhalb des Stadtgebiets Stuttgart bauaufsichtlich genehmigt?,
430,2507,Heizungsaustauschprogramm,Wird ein hydraulischer Abgleich (mindestens nach Verfahren A) durchgeführt?,
431,2508,Heizungsaustauschprogramm,Wurden die Maßnahmen nach Antragstellung beauftragt und begonnen?,
432,2509,Heizungsaustauschprogramm,Wird ein stillgelegter Heizungstank entsorgt?,
433,2510,Heizungsaustauschprogramm,Befindet sich das Gebäude in einem Heizsystem mit Kohle oder Öl?,
434,2511,Heizungsaustauschprogramm,Wird die Maßnahme ohne Eigenarbeit durchgeführt?,
435,2513,Förderprogramm Klimaneutrale Gebäude (FKG) - Stecker-Solar-Geräte Balkonkraftwerk,Entspricht das Stecker-Solar-Gerät den Sicherheitsstandards der Deutschen Gesellschaft für Sonnenenergie (DGS)?,
436,2514,Förderprogramm Klimaneutrale Gebäude (FKG) - Stecker-Solar-Geräte Balkonkraftwerk,Wurde das Gerät entsprechend den Sicherheitshinweisen und der Anleitung des Herstellers installiert und betrieben?,
437,2515,Förderprogramm Klimaneutrale Gebäude (FKG) - Stecker-Solar-Geräte Balkonkraftwerk,"Ist das Gerät fachgerecht befestigt, um die Verkehrssicherheit zu gewährleisten?",
438,2516,Förderprogramm Klimaneutrale Gebäude (FKG) - Stecker-Solar-Geräte Balkonkraftwerk,Wurde der Förderantrag vor dem Kauf oder der Beauftragung eines Fachbetriebs gestellt?,
439,2517,Förderprogramm Klimaneutrale Gebäude (FKG) - Stecker-Solar-Geräte Balkonkraftwerk,Handelt es sich um eine neue und nicht um eine gebrauchte Anlage?,
440,2524,Dachbegrünung und Fassadenbegrünung,Ist die geplante Maßnahme freiwillig?,
441,2525,Dachbegrünung und Fassadenbegrünung,Hat die zu begrünende Dachfläche mindestens 25 qm?,
442,2531,progres.nrw - Klimaschutztechnik: Wohngebäude im Passivhaus-Standard einschließlich Lüftungsanlagen,Wurde vor Erteilung eines Zuwendungsbescheides mit den Maßnahmen begonnen?,
443,2532,progres.nrw - Klimaschutztechnik: Wohngebäude im Passivhaus-Standard einschließlich Lüftungsanlagen,Liegen die öffentlich-rechtlichen Genehmigungen vor und wurden diese mit dem Antrag eingereicht?,
444,2537,progres.nrw - Klimaschutztechnik: Wohngebäude im Passivhaus-Standard einschließlich Lüftungsanlagen,"Liegt der Wärmeschutz der opaken Bauteile unter 0,15 W/m²K und der transluzenten Bauteile unter 0,8 W/m²K?",
445,2540,progres.nrw - Klimaschutztechnik: Wohngebäude im Passivhaus-Standard einschließlich Lüftungsanlagen,"Liegt die Luftwechselrate bei 50 Pa Druckdifferenz (n50-Wert) bei maximal 0,6 pro Stunde?",
446,2533,progres.nrw - Klimaschutztechnik: Wohngebäude im Passivhaus-Standard einschließlich Lüftungsanlagen,Übersteigen die beantragten Zuwendungen die Bagatellgrenze von 350 Euro?,
447,2539,progres.nrw - Klimaschutztechnik: Wohngebäude im Passivhaus-Standard einschließlich Lüftungsanlagen,Unterschreitet der Jahresprimärenergiebedarf QP 40 kWh/m²a?,
448,2538,progres.nrw - Klimaschutztechnik: Wohngebäude im Passivhaus-Standard einschließlich Lüftungsanlagen,"Verfügt die Zu-/Abluftanlage über eine hocheffiziente Wärmerückgewinnung, die einen Heizwärmebedarf QH von maximal 15 kWh/m²a sicherstellt?",
449,2536,progres.nrw - Klimaschutztechnik: Wohngebäude im Passivhaus-Standard einschließlich Lüftungsanlagen,Werden die energetischen Anforderungen an den Passivhaus-Standard eingehalten?,
450,2535,progres.nrw - Klimaschutztechnik: Wohngebäude im Passivhaus-Standard einschließlich Lüftungsanlagen,Wird Ihr Vorhaben im Rahmen des Landesprojekts „100 Klimaschutzsiedlungen in Nordrhein-Westfalen“ durchgeführt?,
451,2541,progres.nrw - Klimaschutztechnik: Wohngebäude im Passivhaus-Standard einschließlich Lüftungsanlagen,Wurde die Erfüllung der Anforderungen durch eine bauvorlageberechtigte Person auf Basis des Passivhaus-Projektierungspakets (PHPP) nachgewiesen?,
452,2534,progres.nrw - Klimaschutztechnik: Wohngebäude im Passivhaus-Standard einschließlich Lüftungsanlagen,Wurden Bauzeichnungen im Maßstab 1:100 und ein Lageplan des Gebäudes eingereicht?,
453,2548,"Bayerisches Städtebauförderungsprogramm - Sanierungsgebiet ""Dorfkern Ebnath""",Entspricht die geplante Maßnahme den einschlägigen Rechtsvorschriften und den Festlegungen der Gemeinde Ebnath?,
454,2549,"Bayerisches Städtebauförderungsprogramm - Sanierungsgebiet ""Dorfkern Ebnath""","Entstehen durch die Maßnahme Mehrkosten gegenüber einem normalen, zumutbaren Bauunterhalt aufgrund einer angestrebten städtebaulichen Zielsetzung?",
455,2550,"Bayerisches Städtebauförderungsprogramm - Sanierungsgebiet ""Dorfkern Ebnath""",Können vorrangig andere Förderprogramme für diese Maßnahme nicht in Anspruch genommen werden?,
456,2551,"Bayerisches Städtebauförderungsprogramm - Sanierungsgebiet ""Dorfkern Ebnath""",Wurde der Antrag auf Förderung vor Beginn der Maßnahme bei der Gemeinde Ebnath eingereicht?,
457,2552,"Bayerisches Städtebauförderungsprogramm - Sanierungsgebiet ""Dorfkern Ebnath""",Ist die Regierung der Oberpfalz über den Antrag informiert worden?,
458,2553,"Bayerisches Städtebauförderungsprogramm - Sanierungsgebiet ""Dorfkern Ebnath""","Handelt es sich entweder
a) nicht um eine besondere städtebauliche Gebäudemaßnahme 
b) oder, falls doch, wurde eine Vorabstimmung mit der Regierung der Oberpfalz vorgenommen, wie erforderlich?",
459,2554,Klimageld Landkreis Gießen für Einzelmaßnahmen,Wurde die Maßnahme erst nach der Antragsstellung in Auftrag gegeben?,
460,2555,Förderung privater Photovoltaik-Kleinanlagen,Liegt eine Einverständniserklärung der Vermieterin oder des Vermieters vor?,
461,2556,Förderung privater Photovoltaik-Kleinanlagen,Liegt eine Einverständniserklärung der Eigentümergemeinschaft vor (falls Miteigentum besteht)?,
462,2557,Förderung privater Photovoltaik-Kleinanlagen,Werden die Belange des Denkmalschutzes berücksichtigt?,
463,2558,Förderung privater Photovoltaik-Kleinanlagen,"Werden die örtlichen Bauvorschriften, wie Bebauungspläne oder Gestaltungssatzungen, eingehalten?",
464,2559,Förderung privater Photovoltaik-Kleinanlagen,Beträgt die Scheinleistung der Erzeugungsanlage (Wechselrichter) maximal 600 VA und werden ausschließlich marktreife Bauteile verwendet?,
465,2560,Förderung privater Photovoltaik-Kleinanlagen,Erfolgt die Installation ordnungsgemäß gemäß den Vorgaben des Netzbetreibers Westfalen Weser Netz GmbH?,
466,2561,Förderung privater Photovoltaik-Kleinanlagen,"Wurde geprüft, ob eine Elektrofachkraft für die Installation erforderlich ist?",
467,2562,Klimafreundliche Wohngebäude,Wurde das Wohngebäude vor dem 01.01.2002 bezugsfertig erbaut?,
468,2563,Klimafreundliche Wohngebäude,Wird der Antrag und der Nachweis nach Maßnahmendurchführung durch eine*n bei der Deutsche Energie-Agentur (dena) gelistete*n Energieeffizienzexpert*in ausgefüllt?,
469,2564,Klimafreundliche Wohngebäude,Liegt ein individueller Sanierungsfahrplan (iSFP) oder ein Energieberatungsbericht sowie der Bauteilnachweis (U-Wert-Berechnung) für die zu sanierenden Bauteile vor?,
470,2565,Klimafreundliche Wohngebäude,Wurde der Beratungsbericht / individuelle Sanierungsfahrplan (iSFP) von einer*m Energieeffizienzexpert*in nach den Kriterien der Vor-Ort-Beratung des Bundesamts für Wirtschaft und Ausfuhrkontrolle (BAFA) erstellt?,
471,2566,Klimafreundliche Wohngebäude,Wird mehr als 50% der Gebäudehüllfläche (thermische Hüllfläche) gedämmt oder erfolgt ein Heizungsaustausch?,
472,2567,Klimafreundliche Wohngebäude,Falls Ja: Wird ein hydraulischer Abgleich nach dem Verfahren B der VdZ-Fachregel „Optimierung von Heizungsanlagen im Bestand“ durchgeführt?,
473,2568,Klimafreundliche Wohngebäude,Trifft eine der folgenden Ausnahmen für den hydraulischen Abgleich zu?,
474,2569,Förderprogramm zur Energieeinsparung und kommunalem Klimaschutz,Wurde der Antrag vor der Auftragsvergabe oder dem Maßnahmenbeginn gestellt (maßgeblich ist der Eingangsstempel der Gemeinde)?,
475,2570,Förderprogramm zur Energieeinsparung und kommunalem Klimaschutz,"Enthält Ihr Vorhaben bereits erbrachte Lieferungen oder Leistungen, die vor Antragstellung beauftragt wurden?",
476,2571,Förderprogramm zur Energieeinsparung und kommunalem Klimaschutz,"Wurden Planung, Angebotserstellung, Beantragung und Bewilligung erforderlicher Genehmigungen oder Grunderwerb/Bodengutachten bereits vor Antragstellung durchgeführt?",
477,2572,Förderprogramm zur Energieeinsparung und kommunalem Klimaschutz,"Sind Sie sich bewusst, dass die Förderung und Fördersumme erst mit dem Schreiben der Gemeinde in Aussicht gestellt wird und Maßnahmen auf eigenes Risiko begonnen werden können?",
478,2573,Förderprogramm zur Energieeinsparung und kommunalem Klimaschutz,"Werden bei der Maßnahme alle relevanten öffentlich-rechtlichen Vorschriften, technischen Baubestimmungen, anerkannten Regeln der Technik und die gültige Fassung des Gebäudeenergiegesetzes (GEG) eingehalten?",
479,2574,Förderprogramm zur Energieeinsparung und kommunalem Klimaschutz,"Enthält die Maßnahme Materialien oder Stoffe, die zum Förderausschluss führen, z. B.:  
   - FCKW/H-FCKW/CKW-geschäumte Dämmstoffe  
   - Tropenhölzer (außer FSC-zertifiziertes Holz)  
   - Spanplatten der Emissionsklassen 2 und 3  
   - Asbest-, Bitumen-, Formaldehyd- und Isocyanathaltige Materialien  
   - Materialien ohne Zulassung  
   - HBCD-haltige Dämmstoffe  
   - Faserhaltige Dämmstoffe, die in Anhang IV, Nr. 22 (1) der Gefahrstoffverordnung aufgeführt sind?",
480,2575,Förderprogramm zur Energieeinsparung und kommunalem Klimaschutz,"Werden entweder 
a) keine Eigenbauleistungen geplant 
b) oder, falls doch, diese korrekt angegeben und berücksichtigt, wie im Förderverfahren vorgesehen?",
481,2576,Förderprogramm zur Energieeinsparung und kommunalem Klimaschutz,"Falls ja, sind Sie bereit, die Eigenbauleistung bei der Antragstellung anzugeben und fotografisch zu dokumentieren?",
482,2577,Förderprogramm zur Energieeinsparung und kommunalem Klimaschutz,"Sind Sie sich bewusst, dass ausschließlich Materialkosten für Eigenbauleistungen förderfähig sind und die Gemeinde über die Förderwürdigkeit nach eigenem Ermessen entscheidet?",